Country,City,LevelOfCrime,CrimeIncrIn3years,HomeBroken,MuggedOrRobbed,CarStolen,ThingsFromCarStolen,Attacked,Insulted,AttackCauseEGR,Drugs,VandalismAndTheft,ViolentCrimes,CorruptionAndBribery,SafetyDaylight,SafetyNight,Contributors,Update,cindex,sindex,latitude,longitude
Cameroon,,69.43,65.58,66.38,68.8,52.07,63.6,61.1,65,44.17,51.67,67.19,64.77,95.83,52.68,21.22,31,February 2020,64738,35262,4.612552,13.153581
Niger,,66.67,78.57,64.29,67.86,67.86,75,71.43,71.43,67.86,78.57,75,75,85.71,42.86,50,7,August 2016,69749,30251,17.735621,9.323843
Tajikistan,,56.25,62.5,53.12,46.88,31.25,62.5,59.38,59.38,50,56.25,46.88,46.88,96.88,65.62,25,8,May 2019,55884,44116,38.628173,70.815654
Myanmar,,46.86,66.65,51.3,41.23,38.11,41.65,42.93,39.47,36.54,56.41,45.93,37.8,73.26,72.48,46.86,44,February 2020,46619,53381,17.17505,95.999965
San Marino,,0,0,0,0,0,0,0,0,0,0,0,0,0,0,0,0,Unknown 0,11765,88235,43.945862,12.458306
Austria,,20.65,55.56,22.6,19.8,15.68,20.54,22.03,27.6,17.32,34.4,29.82,19.2,29.07,87.08,71.59,552,March 2020,24524,75476,47.200034,13.199959
Kuwait,,30.98,57.14,23.3,28.75,28.02,39.24,38.26,46.32,37.41,35.4,33.98,28.2,56.75,80.12,64.21,144,March 2020,35375,64625,29.273396,47.497948
Rwanda,,20.03,39.76,33.61,20.79,13.45,37.79,15.67,16.67,7.86,21.53,31.69,20.79,29.17,87.77,73.4,40,February 2020,22806,77194,-1.964663,30.064436
French Polynesia,,68.75,58.33,41.67,50,41.67,54.17,45.83,45.83,29.17,54.17,54.17,33.33,37.5,70.83,66.67,6,March 2020,47917,52083,-18.624375,-144.64349
Aland Islands,,21.43,50,14.06,17.19,17.19,23.44,15.62,25,26.56,20.31,25,18.75,17.19,81.25,75,16,November 2019,22256,77744,60.216622,19.943864
Bahamas,,75.69,71.95,61.88,60.37,62.2,67.5,50.62,54.73,34.87,59.21,71.95,71.95,73.03,62.2,30,41,February 2020,63243,36757,24.773655,-78.000055
Bosnia And Herzegovina,,43.85,52.4,40.18,39.29,45.26,48.5,33.43,32.74,28.37,44.3,50.7,39.88,82.2,79.76,58.23,254,March 2020,42989,57011,44.305348,17.596147
Cuba,,26.6,48.85,35.89,30.14,28.01,35.15,23,29.81,13.73,20.1,37.05,22.51,50.48,84.68,72.1,57,February 2020,29279,70721,23.013134,-80.832875
Equatorial Guinea,,41.67,66.67,50,43.75,21.88,37.5,31.25,18.75,12.5,50,50,31.25,81.25,80.56,31.25,9,December 2019,41647,58353,1.613172,10.517036
Saint Lucia,,66.67,75,50,50,37.5,57.5,42.5,42.5,22.5,70,62.5,57.5,85,72.5,32.5,10,December 2019,55736,44264,13.825049,-60.975036
United States,,53.51,64.62,45.96,42.26,40.53,54.38,40.83,42.34,30.19,60.21,56.27,48.41,41.98,72.78,45.73,11557,March 2020,47647,52353,39.78373,-100.445882
Saint Helena,,25,50,0,0,0,25,0,25,0,0,0,0,0,100,100,1,September 2016,10294,89706,-15.968686,-5.712956
Sri Lanka,,39.44,47.79,44.38,37.09,33.38,38.64,34.75,39.33,28.6,50,45.2,36.98,68.12,78.27,55.52,232,February 2020,40517,59483,7878,80.703825
Serbia,,35.78,56.68,31.57,29.3,32.9,41.83,29.13,33.68,25.4,47.59,45.12,30.48,81.73,85.92,66.11,585,March 2020,37689,62311,44.153412,20.55144
Lebanon,,41.5,67.03,34.59,41.59,42.39,49.48,40.31,44.44,30.42,44.75,42.62,38.98,79.47,75.93,54.33,191,February 2020,44136,55864,33.875063,35.843409
Azerbaijan,,26.3,45.22,28.59,31.32,23.01,35.25,29.51,33.89,17.62,32.65,30.15,22.59,80.57,81.32,64.71,160,February 2020,31955,68045,40.393629,47.787251
Chad,,57.14,50,71.43,53.57,67.86,53.57,60.71,53.57,32.14,32.14,60.71,67.86,89.29,46.43,39.29,7,December 2019,57562,42438,15.613414,19.015617
Canada,,43.41,64.38,38.21,33.67,32.38,45.7,34,36.34,22.05,57.73,49.55,38.51,34.52,77.88,53,6154,March 2020,40376,59624,61.066692,-107.991707
Turkey,,41.14,61.45,38.38,37.34,28.26,39.14,39.69,40.82,26.78,36.79,39.5,33.39,57.68,76.03,51.36,1630,March 2020,39721,60279,38.959759,34.924965
Dominica,,56.94,72.22,51.47,52.78,37.5,61.11,52.94,48.61,26.39,70.83,54.17,48.61,76.39,65.28,34.72,18,July 2019,54344,45656,15.411314,-61.365362
El Salvador,,81.4,67.86,60.71,73.8,70.24,76.47,65.18,48.72,20.89,58.97,73.51,80.94,84.29,46.43,19.12,86,February 2020,68249,31751,13.800038,-88.914068
Panama,,49.54,69.93,47.47,45.83,35.98,52.07,39.47,35.08,21.14,40.98,48.97,48.01,72.5,76.47,49.55,133,February 2020,45884,54116,8.309607,-81.306625
Kosovo (Disputed Territory),,31.71,48.78,40.48,24.4,26.88,38.41,18.9,21.43,13.1,42.86,39.88,31.1,75.6,89.29,75,42,January 2020,32509,67491,39.78373,-100.445882
Congo,,76.67,70,70,75,63.33,75,70,61.67,50,48.33,73.33,71.67,91.67,38.33,16.67,15,October 2019,70295,29705,-0.726433,15.641916
France,,49.7,65.69,44.97,48.71,39.49,49.08,47.77,53.56,35.86,54.66,55.83,42.72,37.58,69.7,44.58,1389,March 2020,47691,52309,46.603354,1.888334
Turkmenistan,,39.24,45.39,42.18,39.84,32.89,40.71,37.06,48.44,45.59,48.53,45.12,31.5,81.94,75.9,64.84,19,February 2020,42128,57872,39.376381,59.392461
Philippines,,44.02,42.8,46.49,47.11,38.6,41.46,42.45,36.8,27.42,49.58,49.3,44.44,52.26,72.97,56.95,2465,March 2020,42403,57597,12.750349,122.73121
Saudi Arabia,,21.43,43.31,24,24.8,27.35,34.1,23.42,28.85,21.76,26.06,26.92,21.63,39.61,83.25,70.63,628,February 2020,26601,73399,25.624262,42.352833
Martinique,,75,100,87.5,62.5,75,87.5,75,62.5,62.5,87.5,87.5,87.5,25,50,12.5,2,July 2018,74265,25735,14.636828,-61.015736
Costa Rica,,63.34,75.68,57.77,62.92,51.87,64.35,46.4,30.07,15.83,66.49,66.84,63.52,69.11,68.12,31.08,150,February 2020,56569,43431,10.273563,-84.07391
Guadeloupe,,0,0,0,0,0,0,0,0,0,0,0,0,0,0,0,0,Unknown 0,11765,88235,16.249007,-61.565044
Senegal,,37.5,69.23,50,34.09,43.18,50,29.55,40,20,27.5,45,25,70,75,54.17,13,November 2019,40405,59595,14.475061,-14.452961
Jamaica,,73.15,78.64,65.85,68.92,63.51,71.06,65.83,61.89,36.3,62.62,69.81,75.23,81.25,55.68,32.43,113,February 2020,66603,33397,18.185051,-77.394769
Ivory Coast,,56.25,50,39.47,54.17,44.74,56.94,48.61,40.79,32.89,46.05,55.26,56.58,88.16,67.11,27.63,19,March 2020,52216,47784,25.214924,55.171361
Japan,,17.92,42.03,18.71,17.58,15.65,18.12,19.84,23.79,22.53,20.75,20.87,18.39,26.84,81.87,76.84,682,March 2020,21185,78815,36.574844,139.239418
Israel,,27.96,53.72,33.51,20.7,29.28,34.53,26.04,31.21,24.4,30.7,35.94,22.44,41.8,84.18,70.21,528,February 2020,30221,69779,30.876027,35.00152
Iceland,,17.43,54.07,24.58,14.5,16.07,24.27,16.81,17.83,15.15,38.38,31.78,21.01,37.22,86.72,72.81,242,March 2020,23790,76210,64.984182,-18.105901
Dominican Republic,,71.37,74.06,56.86,65.02,51.24,64.28,53.48,40.81,24.51,59.51,66.02,70.83,84.07,54.91,28.78,219,February 2020,61242,38758,50.068293,14.420556
Marshall Islands,,25,50,75,0,0,75,0,25,0,25,25,0,75,100,100,1,January 2015,25000,75000,6.951874,170.99851
Montenegro,,39.17,70.69,38.51,34.76,30.87,42.02,30.54,36.15,31.85,54.93,47.43,38.01,72.22,77.62,63.01,78,February 2020,41462,58538,42.772849,19.240859
South Korea,,26.51,48.68,24.9,23.64,21.2,23.9,28.29,31.39,26.73,22.36,27.19,25.5,35.36,78.91,70.38,765,March 2020,27611,72389,36.558191,127.940856
Brazil,,80.36,78.54,55.85,77.48,70.21,72.3,57.39,42.4,24.95,72.16,74.72,81.12,85.32,47.36,18.75,3114,March 2020,68671,31329,-10.333333,-53.2
Czech Republic,,18.58,42.64,19.98,19.57,24.57,37.57,19.28,21.88,18.63,35.08,38.19,14.7,51.3,91.46,71.8,718,March 2020,25639,74361,49.8167,15.474954
Liberia,,86.18,86.18,80.23,81.42,81.74,82.61,77.85,76.25,76.25,86.25,82.61,84.24,85,17.13,15.94,22,February 2020,82712,17288,5.749972,-9.365852
Guam,,75,87.5,81.25,67.19,68.75,85.94,66.07,62.5,60,78.12,87.5,78.12,85.94,48.44,28.12,16,January 2020,73960,26040,13.444138,144.733626
North Macedonia,,34.77,61.8,39.58,33.29,23.46,41.1,33.43,35.17,33.47,42.6,43.5,30.17,83.01,87.15,64.64,182,February 2020,38418,61582,51.346583,8.284412
Venezuela,,95.51,92.43,77.69,91.84,88.57,88.31,81.58,64.34,36.09,74.75,88.74,94.29,95.77,19.05,4.33,505,February 2020,84562,15438,8.001871,-66.110932
Malaysia,,62.32,68.78,61.49,64.03,57.68,63.03,54.15,45.27,40.3,53.44,64.3,58.71,75.6,57.05,31.11,1343,February 2020,59152,40848,2.392376,112.847194
Georgia,,16.15,47.88,18.48,16.43,11,17.65,19.14,20.85,19.75,28.29,24.29,17.56,26.71,89.37,75.43,319,February 2020,20687,79313,41.680971,44.028738
Libya,,65.35,72.77,54.25,64.36,68.25,61.36,55.94,52.5,51.01,64.5,60.97,65.84,71.57,54.95,31.19,103,February 2020,61955,38045,26.823447,18.123672
Indonesia,,45.88,57.15,42.98,46.71,38.23,45.44,38.19,37.3,34.31,45.92,50.03,40.66,75.98,70.44,43.45,732,February 2020,45685,54315,-4.799336,114.563203
Denmark,,24.65,54.51,25.81,22.02,18.21,25.6,23.51,25.06,19.78,33.11,32.9,23.16,19.53,85.64,69.71,448,February 2020,25988,74012,55.670249,10.333328
Slovakia,,23.24,42.87,20.49,22.73,28.13,38.61,26.35,25.09,29.12,30.57,41.32,17.58,71.08,89.58,67.8,288,February 2020,29781,70219,48.741152,19.452865
Algeria,,51.25,58.96,48.18,50.68,48.76,55.41,46.12,43.56,23.93,63.36,56.76,44.43,75.9,66.02,38.6,178,February 2020,50893,49107,28.000027,2.999983
China,,27.21,47.29,30.07,29.2,27.74,32.77,28.31,32.53,24.66,29.32,35.82,26.69,57.03,74.79,63.9,1099,March 2020,32022,67978,25.49158,-98.981112
Jersey,,27.08,70.83,10.42,10.42,8.33,20.83,18.75,41.67,27.08,47.92,31.25,22.92,37.5,91.67,68.75,12,January 2020,27573,72427,49.212307,-2.1256
Nigeria,,68.23,59.23,62.18,68.2,61.14,65.49,60.15,55.22,44.24,64.13,68.75,71.86,85.19,52.26,31.2,241,March 2020,63942,36058,9.600036,7.999972
Macao,,17.86,41.67,26.04,21.88,9.38,17.71,21.88,21.88,12.5,30.43,25,20.83,59,89.58,71.88,25,January 2020,23548,76452,25.179467,121.562726
Saint Vincent And The Grenadines,,40.62,87.5,50,34.38,0,25,12.5,18.75,6.25,68.75,46.88,34.38,53.12,71.88,40.62,8,November 2019,38051,61949,12.90447,-61.276557
Malta,,34.74,70.32,37.14,32.37,26.58,36.43,35.34,40.85,27.43,47.2,42.44,32.52,64.88,77.04,59.72,215,February 2020,38880,61120,35.888599,14.447691
Swaziland,,37.5,75,54.17,33.33,20.83,50,33.33,25,16.67,54.17,45.83,45.83,79.17,83.33,42.86,7,February 2020,42332,57668,-26.562481,31.399132
Maldives,,58.68,60.93,54.45,55.68,38.27,44.75,52.91,57.33,33.33,69.59,59.62,53.3,69,57.84,39.02,81,February 2020,54608,45392,4.706435,73.328785
Mayotte,,0,0,0,0,0,0,0,0,0,0,0,0,0,0,0,0,Unknown 0,11765,88235,-12.823048,45.152076
Malawi,,53.57,60.71,67.86,51.79,42.86,69.64,30.36,32.14,23.21,23.21,57.14,53.57,80.36,78.57,39.29,14,December 2019,49159,50841,-13.26872,33.930196
Paraguay,,60.32,65.71,46.52,59.83,38.26,56.4,41.69,19.68,9.57,45.65,50.02,58.02,82.78,67.33,36.56,52,February 2020,50071,49929,-23.316593,-58.169344
Vietnam,,44.96,60.18,50.92,50.61,43.73,48.68,38.87,37.87,20.02,48.67,53.9,40.87,79.58,72.15,46.03,320,March 2020,46506,53494,13.290403,108.426511
Mauritius,,47.06,62.9,49.88,47.38,34.95,48.45,48.45,46.32,22.5,57.14,54.05,43.63,63.73,76.62,39.27,73,March 2020,47334,52666,-20.275945,57.570357
Croatia,,18.3,47.2,21.56,16.18,16.31,23.36,18.69,21.04,18.86,29.74,30.73,19.41,69.29,90.42,77.08,718,March 2020,24692,75308,45.564344,17.011895
Madagascar,,75,83.33,61.36,56.25,54.17,64.58,52.08,27.08,34.09,43.75,68.75,70.83,87.5,60.42,14.58,12,December 2019,61986,38014,-18.92496,46.441642
New Zealand,,43.06,62.21,42.51,32.91,36.18,44.96,35.92,39.91,28.58,53.38,50.48,39.33,25.29,73.97,46.3,818,March 2020,41210,58790,-41.500083,172.834408
Jordan,,37.19,69.91,39.97,36.91,42.23,49.25,37.25,43.35,23.63,36.87,43.66,34.16,69.19,80.04,60.52,231,February 2020,41023,58977,31.166705,36.941628
Uruguay,,61.91,78.95,54.71,59.22,50.04,61.12,46,32.5,10.73,59.08,65.01,60.34,49.33,68.7,37.73,201,March 2020,53314,46686,-32.875555,-56.020152
Poland,,26.13,39.24,24.89,25.98,25.98,32,29.97,32.31,33.17,27.79,43.92,19.5,42.68,84.53,61.68,1423,March 2020,29977,70023,52.097718,19.025816
Montserrat,,0,0,0,0,0,0,0,0,0,0,0,0,0,0,0,0,Unknown 0,11765,88235,16.741704,-62.191684
Honduras,,86.01,76.53,73.47,82.19,69.52,75,73.63,60.92,45.42,79.96,79.17,84.18,87.59,30.44,15.14,148,February 2020,76472,23528,15.257243,-86.075514
Italy,,45.77,62.8,47.21,41.8,39.27,48.82,36.98,36.51,25.1,52.64,53.91,36.71,61.15,74.38,48.99,2126,March 2020,44520,55480,42.638426,12.674297
Gambia,,62.5,75,77.5,52.5,30,67.5,42.5,37.5,32.5,52.5,67.5,40,80,62.5,42.5,10,January 2020,55147,44853,13.470062,-15.490046
Egypt,,46.91,62.71,36.92,48.53,50.38,55.75,42.64,48.42,27.66,51.31,47.35,39.12,74.66,74.76,52.15,624,March 2020,47016,52984,26.254049,29.267547
Norway,,33.9,60.5,30.92,31.44,24.23,31.67,33.1,32.45,29.56,51.41,39.58,29.89,26.84,74.97,57.64,922,March 2020,34746,65254,60.500021,9.099972
Mexico,,61.18,71.4,53.21,57.06,50.41,58.85,47.67,34.22,20.53,55.38,60.84,59.5,75.86,68.51,40.11,2347,March 2020,54109,45891,19.432601,-99.133342
Switzerland,,17.1,53.55,22.13,16.93,11.67,19.24,18.91,21.4,16.08,36.58,29.58,15.04,18.28,88.02,74.13,723,March 2020,21679,78321,46.798562,8.231974
Armenia,,18.25,40.65,24.44,19.32,17.21,24.43,17.21,20.33,14.11,19.15,23.66,17.85,55.33,89.67,77.16,130,February 2020,22448,77552,40.769627,44.673665
Moldova,,46.6,57.07,39.88,40.17,34.28,52.73,45.4,47.59,29.27,36.14,49.46,33.77,87.5,75.89,39.94,90,March 2020,45719,54281,47.286747,28.511024
Us Virgin Islands,,68.48,62,52.27,47.83,43.48,59.09,43.48,47.83,36.36,66.3,63.04,65.22,73,77.17,28.26,25,January 2020,56465,43535,17.789187,-64.708057
Bahrain,,25.54,60.6,22.28,20.6,21.26,31.54,28.35,27.33,28.62,30.67,29.81,21.31,45.07,84.18,72.32,81,February 2020,28680,71320,26.155125,50.534461
Curacao,,73.15,85.19,62.04,56.73,44.44,68.52,50.93,42.71,32.29,61,71.15,70.19,60,75,37.96,27,February 2020,59511,40489,12.1845,-68.964092
Bermuda,,37.97,62.41,41.76,33.06,22.19,30.02,28.88,41.67,27.27,51.14,41.76,38.49,34.09,76.61,61.32,23,February 2020,36984,63016,32.301822,-64.760358
Belgium,,48.14,63.47,44.99,44.4,35.86,49.08,44.53,45.38,31.05,52.08,55.82,39.4,35.26,73.59,47.05,602,March 2020,45006,54994,50.640735,4.66696
Albania,,43.1,46.94,38.22,36.39,38.91,42.01,29.71,31.64,17.6,48.16,42.11,39.68,79.71,76.61,58,186,February 2020,40339,59661,41.000028,19.999962
Romania,,22.8,39.04,24.45,25.7,17.59,34.39,23.65,33.16,13.82,26.26,33.96,15.74,72.49,87.07,65.78,1501,March 2020,27988,72012,45.985213,24.685923
Gibraltar,,9.18,53.3,10.65,12.12,11.32,15.06,16.54,16.67,12.5,37.5,26.83,10.65,25,95.95,87.12,17,February 2020,17212,82788,36.140807,-5.354129
Northern Mariana Islands,,25,60,35,25,40,45,20,30,15,55,55,40,65,95,85,5,December 2019,34118,65882,14.149021,145.213452
Falkland Islands,,0,50,12.5,0,0,25,0,37.5,12.5,12.5,12.5,0,12.5,100,100,2,March 2016,10294,89706,-51.966642,-59.550039
Papua New Guinea,,85.05,83.03,76.2,79.57,80.93,84.03,76.18,75.32,69.38,76.85,85.97,84.81,90.43,31.76,14.58,85,February 2020,80677,19323,-5.681607,144.248908
Ghana,,49.89,57.8,51.2,51.72,46.33,56.15,48.12,42.27,34.38,48.56,50.81,56.15,80.36,77.1,43.21,58,March 2020,50189,49811,8.030028,-1.080027
Latvia,,38.06,46.71,34.28,32.72,30.69,44.94,39.52,34.13,22.88,39.8,47.43,26.28,62.47,82.34,55.17,399,February 2020,37560,62440,56.840649,24.753765
Colombia,,65.46,57.27,43.36,63.9,48.19,58.7,47.43,36.1,17.19,57.8,60.19,64.8,75.66,61.46,33.83,613,March 2020,54805,45195,2.889443,-73.783892
Sao Tome And Principe,,62.5,75,50,50,25,37.5,50,50,25,37.5,62.5,50,87.5,62.5,50,2,February 2020,51471,48529,0.88755,6.964872
Luxembourg,,32.5,59.86,33.77,29.22,25.13,32.63,28.77,28.85,18.27,49.03,37.63,22.86,34.22,81.5,55.81,110,February 2020,32966,67034,49.815868,6.129675
Eritrea,,31.25,55.56,22.22,25,27.78,25,16.67,16.67,16.67,22.22,27.78,19.44,41.67,71.88,66.67,9,November 2019,27758,72242,15.950032,37.999967
Brunei,,23.89,58.51,45.56,27.22,28.89,31.11,20,15.76,12.5,33.15,39.67,16.3,31.67,92.93,73.37,47,February 2020,27395,72605,4.413716,114.565391
Aruba,,25,61.9,29.76,22.5,26.32,25,17.86,17.86,17.86,44.05,33.33,25,42.86,90.48,66.67,21,November 2019,28362,71638,12.501363,-69.961847
Kazakhstan,,66,72.93,63.38,64.12,55.81,68.64,61.99,58.4,42.51,53.35,65.46,54.7,90.23,60.18,29.19,276,March 2020,62362,37638,47.228609,65.20932
Togo,,44.44,66.67,56.25,53.57,53.12,39.29,46.43,42.86,32.14,46.43,58.33,53.12,77.78,61.11,44.44,9,February 2020,50221,49779,8.780027,1.019977
Cyprus,,27.02,66.37,39.99,20.65,21.72,34.58,19.78,27.47,18.52,30.54,35.16,22.48,59.36,87.92,70.39,205,March 2020,30551,69449,34.982302,33.145129
Vatican City,,10,14,5,13,15,16,10,7,3,14,23,30,30,95,67,7,February 2020,14588,85412,41.903491,12.452835
Bonaire,,45,50,40,45,55,60,40,35,35,50,60,45,55,70,50,5,October 2019,46176,53824,12167,-68.290968
Sint Maarten,,0,0,0,0,12.5,25,0,0,0,25,12.5,0,25,100,87.5,2,July 2017,6618,93382,52.755935,4.750547
Antigua And Barbuda,,87.5,80,75,50,50,65,40,45,40,60,55,70,65,55,30,5,December 2019,63088,36912,17.079128,-61.822252
Iraq,,50.46,55.09,46.83,45.03,42.74,46.08,46.23,41.67,41.77,37.18,48.18,51.66,65.51,64.45,53.18,169,March 2020,47160,52840,33.095579,44.174978
Ukraine,,51.67,68.2,49.33,44.93,45.14,56.63,44.57,40,26.11,46.7,55.88,40.35,83.62,75.99,45.46,1063,March 2020,49119,50881,49.487197,31.271832
Saint Kitts And Nevis,,25,25,31.25,18.75,18.75,18.75,12.5,6.25,0,18.75,31.25,31.25,25,93.75,75,4,December 2019,20221,79779,17.346228,-62.768728
Belize,,62.5,76.39,59.03,50.71,19.12,46.97,44.44,40.44,25,58.57,61.43,55.56,81.43,70.14,36.81,37,February 2020,52920,47080,16.825979,-88.760093
Guinea,,75,50,50,75,75,75,50,50,50,100,75,75,100,25,0,1,January 2019,72059,27941,10.722623,-10.708359
Nicaragua,,48.77,55.54,46.75,47.21,31.72,49.81,39.17,32.61,16.67,39.89,49.3,43.69,73.91,71.75,36.55,49,February 2020,44958,55042,12.372493,-84.870031
Benin,,50,50,46.43,46.43,17.86,42.86,33.33,32.14,14.29,21.43,41.67,35.71,78.57,96.43,71.43,7,January 2020,37815,62185,9.529347,2.258441
Sudan,,35.19,57.25,47.69,42.31,43.07,64.28,35.5,31.45,29.84,38.71,54.43,35.5,78.23,77.83,63.13,34,February 2020,42522,57478,14.584444,29.491769
Djibouti,,65,83.33,58.33,62.5,62.5,66.67,70.83,75,66.67,58.33,70,54.17,83.33,33.33,29.17,6,September 2019,67304,32696,11.856775,42.757785
Netherlands,,27.11,48.64,29.21,22.95,19.59,30.12,23.64,27.38,19.77,38.47,36.77,23.29,18.04,84.57,67.82,960,March 2020,27459,72541,52.237989,5.534607
Trinidad And Tobago,,84.56,84.77,69.54,74.83,66.89,72.33,67.83,57.38,32.78,77.83,73.15,82.78,89.26,47.37,15.79,153,February 2020,72935,27065,10.867785,-60.982107
Mauritania,,43.75,68.75,62.5,56.25,40.62,46.88,56.25,40.62,53.12,34.38,50,50,65.62,87.5,43.75,8,June 2019,48529,51471,20.254038,-9.239926
Slovenia,,12.25,51.3,18.89,14.04,14.72,23.03,13.95,14.3,10.66,32.4,29.26,15.1,56.95,92.3,79.01,351,March 2020,21179,78821,45.813311,14.480837
Timor-Leste,,44.55,48.84,53.84,41.34,30.36,50.11,35.09,36.76,30.56,26.39,52.59,42.59,76.39,83.42,48.84,21,February 2020,42721,57279,-8.515198,125.837576
Somalia,,59,54.81,59.5,63.46,57.08,55,57.55,56.25,54.9,51.44,60.1,61.76,71.63,47.17,42.13,54,January 2020,58305,41695,8.367677,49.083416
Tonga,,66.67,75,68.18,68.75,64.58,72.92,70.45,66.67,63.64,65.91,68.75,56.25,70.83,56.25,33.33,12,June 2019,66021,33979,-19.916082,-175.202642
Bangladesh,,71.56,69.43,60.83,68.14,60.61,59.53,58.73,57.3,36.64,66.06,67.26,61.29,87.82,48.44,24.79,300,March 2020,64417,35583,24.476878,90.293243
Vanuatu,,40,70,65,37.5,37.5,20,25,31.25,30,12.5,30,20,45,100,80,6,November 2019,33162,66838,-16.525507,168.106915
Estonia,,20.69,35.73,20.22,18.39,17.72,29.13,22.4,20.76,19.61,32.45,29.9,15.78,29.29,89.18,69.43,302,March 2020,23226,76774,58.752378,25.331908
Central African Republic,,86.11,85,77.5,80,77.5,80,75,77.5,87.5,75,80,82.5,90,20,10,10,December 2019,82108,17892,7.03236,19.998123
Monaco,,19.3,45.16,21.03,19.3,21.03,19.3,13.74,14.81,16.35,30.56,16.72,18.44,29.81,85.68,83.1,30,February 2020,20904,79096,43.731142,7.419758
Germany,,35.21,63.79,33.11,32.68,24.33,31.98,36.93,40.25,26.42,44.71,43.23,30.63,24.67,78.7,57.31,2301,March 2020,35432,64568,51.08342,10.423447
Seychelles,,32.69,79.17,51.92,32.69,19.23,40.38,28.85,26.92,15.38,44.23,42.31,30.77,55.77,88.46,59.62,13,November 2019,36330,63670,-4.657498,55.454015
Bulgaria,,37.85,48.59,39.4,30.88,37.67,44.08,31.71,33.05,27.25,42.33,47.84,27.22,77.89,85.25,58.03,559,February 2020,38716,61284,42.607398,25.485662
Afghanistan,,79.7,78.47,74.49,73.78,80.92,75.21,77.46,71.27,64.93,76.49,77.05,76.74,82.95,36.81,23.04,72,February 2020,75824,24176,33.768007,66.238514
Tunisia,,43.06,63.92,39.87,47.32,36.99,46.31,36.84,37.27,24.85,38.1,42.76,32.52,68.67,72.07,48.21,177,February 2020,42607,57393,33.843941,9.400138
Lithuania,,34.37,35.87,29.05,32.11,28.17,38.2,35.39,29.82,25.6,32.01,41.8,27.64,55.27,84.95,56.45,444,March 2020,33685,66315,55.35,23.75
Syria,,70.45,73.36,64.52,66.33,63.33,65.25,66.88,64.79,63.75,51.04,65.21,67.83,80.17,40.45,28.02,125,February 2020,66785,33215,34.640186,39.049411
South Sudan,,91.04,85.16,86.76,73.65,78.76,82.04,74.75,66.3,69.57,59.78,84.12,83.76,94.57,62.25,19.76,25,February 2020,78255,21745,7.869943,29.66679
Mali,,40.62,56.25,46.88,40.62,28.12,15.62,34.38,25,31.25,46.43,34.38,25,75,71.88,68.75,8,April 2019,37656,62344,16.370036,-2.290024
Ethiopia,,45.77,67.16,49.25,51.47,42.16,58.96,42.16,42.42,32.72,39.02,57.35,44.12,75.75,71.32,40.81,68,January 2020,48689,51311,10.21167,38.65212
Zimbabwe,,57.48,76.14,66.57,59.4,48.42,67.15,50.15,51.34,37.77,51.06,65.65,55.65,91.13,65.05,35.2,102,March 2020,58389,41611,-18.455496,29.746841
South Africa,,84.94,83.27,78.39,79.22,74.1,78.01,73.63,62.12,62.9,73.42,79.29,83.68,86.65,38.61,13,2367,March 2020,77523,22477,25.213108,55.183275
Uzbekistan,,24.29,37.16,27.7,24.32,21.62,39.19,22.97,25,16.89,24.29,31.25,22.22,67.65,82.43,69.59,38,February 2020,28301,71699,41.32373,63.95281
Bolivia,,59.68,72.5,49.67,58.37,52.28,61.43,48.95,38.67,31.25,49.61,57.28,49.67,84.68,67.06,32.64,70,March 2020,54924,45076,-17.05687,-64.991229
Cape Verde,,62.5,75,58.33,58.33,37.5,54.17,41.67,41.67,37.5,58.33,58.33,62.5,41.67,50,12.5,6,February 2019,55882,44118,16.000055,-24.008395
Solomon Islands,,58.33,75,67.5,72.5,58.33,65,75,75,52.5,65,62.5,60,82.5,62.5,37.5,10,September 2019,63872,36128,-9.735434,162.828854
Guinea-Bissau,,75,75,62.5,62.5,50,75,62.5,37.5,87.5,62.5,37.5,50,87.5,37.5,12.5,2,November 2019,66176,33824,12.100035,-14.900021
Yemen,,75.29,86.16,67.35,73.12,71.9,77.47,70.94,71.59,64.77,59.09,76.38,76.38,90.91,40.51,27.47,23,February 2020,73174,26826,16.347124,47.891527
Nepal,,33.01,43.45,41.14,35.91,19.72,24.25,29.37,28.78,13.31,45.42,42.5,30.9,82.35,83.17,51.42,164,March 2020,35385,64615,28.108393,84.091714
Faroe Islands,,10.58,41.07,15.18,14.29,15.18,14.29,16.96,15.74,16.96,27.68,23.21,18.75,25.89,83.93,81.25,28,January 2020,18339,81661,62.044872,-7.032297
British Virgin Islands,,18.75,12.5,6.25,25,25,6.25,25,12.5,0,18.75,18.75,18.75,12.5,81.25,81.25,4,November 2019,16176,83824,18.40244,-64.566164
Belarus,,20.69,42.44,21.56,19.28,18.64,28.49,25.33,24.86,11.1,27.39,32.04,17.62,58.33,90.92,70.11,189,March 2020,25184,74816,53.425061,27.697136
Cayman Islands,,29.61,60.16,44.42,27.76,16.64,36.09,22.2,19.79,15,31,38.44,30.53,37,92.28,67.57,27,February 2020,29883,70117,19.541721,-80.566713
Samoa,,50,66.67,54.17,45.83,33.33,29.17,45.83,45.83,41.67,45.83,62.5,50,45.83,66.67,45.83,6,April 2018,47304,52696,-13.769389,-172.120051
Qatar,,6.61,35.13,9.25,7.06,4.91,11.1,8.22,20.45,12.55,10.88,11.09,6.91,24.02,91.21,86.16,246,February 2020,12002,87998,25.333698,51.22953
Isle Of Man,,17.14,60.29,22.79,15.44,12.86,16.67,18.57,23.57,13.57,50,33.57,13.57,27.14,89.29,80,35,January 2020,22951,77049,54.235817,-4.514599
Cambodia,,55.73,67.05,55.16,57.01,44.12,50.8,44.74,36.88,26.7,61.41,59.83,47.98,83.01,71.1,38.75,108,February 2020,52472,47528,13.506639,104.869423
Greece,,40.57,68.9,44.92,37.84,31.21,43.73,32.04,29.77,23.1,46.73,47.68,32.47,64.58,81.42,56.06,1112,March 2020,40424,59576,38.995368,21.987713
Gabon,,37.5,61.11,44.44,61.11,36.11,44.44,38.89,36.11,41.67,44.44,47.22,36.11,88.89,66.67,44.44,9,November 2019,45996,54004,-0.899969,11.68997
Russia,,40.71,45.27,31.02,36.25,37.3,43.77,40.77,40.04,29.58,43.31,46.86,32.22,73.89,78.97,49.04,2015,March 2020,40847,59153,64.686314,97.745306
United Kingdom,,49.17,61.35,41.87,41.44,34.59,41.74,42.92,46.24,30.39,58.64,51.61,42.23,29.33,73.01,46.71,3953,March 2020,44126,55874,54.702355,-3.276575
Zambia,,39.47,58.11,53.29,41.89,40.54,57.43,35.14,36.03,32.35,37.14,50,41.22,74.29,86.18,51.32,40,February 2020,43432,56568,-14.518624,27.559916
India,,46.41,57.02,44.02,43.16,39.94,42.56,40.92,39.77,28.15,39.29,47.58,41.44,70,72.72,50.45,4852,March 2020,44112,55888,22.351115,78.667743
Argentina,,73.24,75.12,56.15,70.13,55.18,63.19,55.51,41.55,16.35,63.71,69.9,70.58,84.66,59.77,26.59,717,February 2020,62082,37918,-34.996496,-64.967282
Mozambique,,64.17,75.37,60.72,61.59,55.55,73.65,48.61,47.41,34.48,39.29,57.03,62.03,89.66,59.86,31.2,30,February 2020,59226,40774,-19.302233,34.914498
Ecuador,,57.85,62.44,47.07,58.57,47.05,57.68,44.4,34.46,19.04,50.68,57.62,55.6,71.53,66.38,32.96,276,March 2020,51785,48215,-1.339767,-79.366696
Bhutan,,40.38,60.71,33.93,32.14,25,39.29,33.93,21.15,26.79,37.5,37.5,32.14,37.5,82.69,60.71,14,August 2019,35019,64981,27.549511,90.511927
French Guiana,,50,50,50,50,50,50,50,50,100,50,50,50,50,50,50,2,October 2019,52941,47059,4.003988,-52.999998
Kenya,,69.48,57.96,59.66,67.34,54.9,62.91,60.02,47.26,35.19,57.05,65.92,67.66,90.25,59.87,26.33,172,March 2020,61668,38332,1.441968,38.431398
Sweden,,51.27,67.99,42.19,45.85,38.83,46.04,47.14,44.85,41.22,51.73,52.86,48.43,35.04,66.18,45.83,1861,March 2020,47292,52708,59.674971,14.520858
Botswana,,58.35,80.46,70.26,66.18,47.3,65.8,52.4,32.22,16.11,47.22,62.1,57.5,48.33,76.89,35.05,49,February 2020,53470,46530,-23.168178,24.592874
Finland,,21.47,59.07,18.9,20.29,17.02,22.95,25.08,27.37,22.73,33.94,32.45,19.36,16.73,86.41,70.36,564,March 2020,24914,75086,63.246778,25.920916
Puerto Rico,,75.42,76.8,63.45,67.93,61.7,72.47,58.37,48.9,22.02,78.26,72.09,72.35,76.38,56.24,26.54,404,February 2020,65541,34459,18.221417,-66.413282
Kyrgyzstan,,65.07,64.15,55.82,63.81,43.5,56.62,65.67,60.48,62.1,49.17,54.44,53.66,89.17,59.61,28.55,33,February 2020,60332,39668,41.508932,74.724091
Portugal,,26.11,52.77,25.59,31.28,25.95,38.34,23.92,22.31,11.9,38.61,37.22,24.65,47.57,85.58,64.2,1003,March 2020,29921,70079,40.033265,-7.889626
Angola,,74.3,68.55,63.92,72.66,55.64,69.78,63.09,46.59,34.66,52.22,72.61,74.79,90.56,47.13,23.23,51,March 2020,65742,34258,-11.877577,17.569124
Hong Kong,,16.11,53.92,15.5,15.51,11.53,14.02,17.99,23.64,14.45,24.75,23.05,17.9,35.85,87.35,77.52,418,March 2020,20681,79319,22.350627,114.184916
Liechtenstein,,0,28.57,3.57,0,0,7.14,0,0,0,7.14,7.14,0,3.57,100,100,7,November 2019,3361,96639,47.141631,9.553153
Australia,,43.24,61.08,40.69,34.8,33.44,39.89,38.89,42.34,28.9,53.32,50.27,39.93,33.17,72.81,45.43,3792,March 2020,41659,58341,-24.776109,134755
New Caledonia,,75,83.33,54.17,62.5,58.33,54.17,75,60,62.5,66.67,70.83,62.5,54.17,41.67,12.5,6,September 2019,66765,33235,-21.30199,165.488077
Mongolia,,64.27,68.63,52.58,65.78,43.29,57.58,63.59,65.87,55.39,39.9,59.08,53.94,78.92,56.02,34.9,60,February 2020,59202,40798,46.825039,103.849974
Guernsey,,14.29,57.14,14.29,1.79,8.93,19.23,12.5,25,14.29,37.5,30.36,14.29,30.36,85.71,69.64,14,January 2020,20776,79224,49.462291,-2.581202
Spain,,29.18,56.7,30.22,32.14,23.55,35.47,25.88,27.51,18.27,42.19,40.76,24.83,51.05,83.43,64.94,1712,March 2020,32220,67780,40.002803,-4.003104
Thailand,,40.89,59.78,40.57,37.52,31.33,36.24,31.57,30.09,21.11,51.79,43.4,39.54,78.41,80.59,58.4,628,March 2020,40296,59704,14.897192,100.83273
Taiwan,,9.08,43.29,12.74,9.71,13.91,15.51,11.72,15,7.63,21.58,18.31,10.49,36.54,94.44,86.35,372,February 2020,15464,84536,23.598298,120.835363
Chile,,51.16,62.55,47.4,50.31,47.82,55.7,35.69,29.64,21.89,48.82,56.31,48.53,46.32,73.61,45.19,384,February 2020,46215,53785,-31.761336,-71.31877
Guyana,,77.74,76.57,71.34,74.27,54.48,63.47,63.47,53.21,41.25,66.03,77.16,76.57,86.88,49.27,30.06,44,February 2020,68152,31848,4.88732,-58.93988
French Southern Territories,,50,50,50,0,50,50,0,0,0,25,50,0,75,100,75,1,December 2019,30882,69118,-44.151178,63.860456
Haiti,,78.23,69.48,73.32,74.48,56.98,71.98,64.48,38.16,31.58,60.53,75.73,74.45,90.79,42.36,16.98,21,February 2020,68077,31923,19.139995,-72.357097
Burundi,,41.67,58.33,50,50,45.83,45.83,50,50,40,60,50,35,66.67,60,45.83,6,February 2020,48285,51715,-3.363436,29.887058
Republic Of Congo,,100,0,0,0,0,0,0,0,0,0,0,0,50,100,100,2,June 2018,20588,79412,-0.726433,15.641916
Pakistan,,47.32,38.92,40.54,48.41,46.28,44.44,34.82,31.33,23.43,45.87,49.28,49.72,72.47,68.58,47.48,1225,March 2020,44201,55799,30.33084,71.247499
Ireland,,49.91,65.07,44.55,40.44,35.24,44.08,43.51,46.26,27.63,63.95,53.9,43.49,42.18,70.46,46.05,1158,March 2020,46089,53911,52.865196,-7.97946
Iran,,50.22,66.47,45.27,49.26,55.06,66.85,41.19,42.88,19.23,57.42,51.15,37.35,71.69,73.24,44.85,596,February 2020,49199,50801,32.94075,52.947134
Barbados,,52.99,76.33,46.65,47.43,35.09,42.74,40.4,38.71,31.45,43.33,45.08,50.59,50,77.9,46.65,32,February 2020,46013,53987,13.150033,-59.52503
Burkina Faso,,45.45,63.64,59.09,47.73,47.73,52.27,38.64,43.18,37.5,52.27,59.09,50,72.73,75,47.73,11,January 2020,49264,50736,12.075308,-1.688031
Palestine,,43.06,52.63,43.86,42.27,45.61,44.64,41.67,51.75,37.28,37.72,45.91,38.16,63.6,63.6,52.63,57,February 2020,44591,55409,31.762115,-95.630789
Namibia,,74.95,78.94,76.42,72.62,52.1,73.25,66.83,56.42,46.43,61.73,68.48,66.69,80.86,62.87,26.43,122,February 2020,66842,33158,-23.23355,17.323111
Morocco,,50.91,57.23,37.67,56.16,36.94,50.83,47.01,44.61,24.49,54.86,51.61,47.07,71.53,65.93,35.19,368,March 2020,48919,51081,31.172819,-7.336604
Grenada,,27.78,61.11,34.72,26.47,15.28,29.69,23.61,31.94,19.44,29.17,36.11,31.94,22.22,86.84,72.22,19,January 2020,28587,71413,12.136037,-61.690404
Andorra,,11.98,39.92,14.92,10.51,11.98,8.04,14.92,10.94,12.5,29.69,20.8,10.51,18.75,86.98,84.04,17,February 2020,15788,84212,42.540717,1.573203
Laos,,36.76,73.68,51.39,31.94,41.18,34.72,26.39,22.22,21.05,42.11,40.28,32.89,91.67,88.89,76.39,19,July 2019,38501,61499,20.017111,103.378253
Fiji,,63.01,73.39,68.74,60.78,48.92,60.09,57.97,57.45,42.02,54.89,63.57,55.2,71.2,64.05,31.37,48,February 2020,59284,40716,-18.12397,179.012274
Turks And Caicos Islands,,54.17,70,75,41.67,20.83,60,45.83,25,33.33,40,54.17,50,75,62.5,41.67,6,December 2019,49951,50049,21.721468,-71.620178
Peru,,79.14,80.97,59.35,73.27,62.89,68.41,61.64,49.25,36.22,61.75,73.79,77.72,86.75,45.3,20.69,244,March 2020,68438,31562,-6.86997,-75.045851
Guatemala,,70.18,63.53,52.06,65.31,59.04,65.24,50.91,33.12,22.12,51.58,64.41,70.54,80.52,54.12,26.19,85,February 2020,59330,40670,15.635609,-89.898809
Hungary,,31.3,47.32,32.95,28.9,33.65,40.39,29.03,33.13,26.88,37.5,45.09,23.69,69.41,83.95,60.8,660,March 2020,35123,64877,47.181759,19.506094
Reunion,,31.25,60,27.5,22.5,17.5,47.5,20,27.5,17.5,27.5,35,20,32.5,87.5,55,10,January 2020,29779,70221,-21.130933,55.526577
Tanzania,,60.44,72.94,59.66,65.89,46.25,66.42,52.75,43.24,35.96,52.08,62.05,56.77,85.76,61.73,31.6,80,February 2020,58104,41896,-6.524712,35.787844
Oman,,13.51,48.09,20.89,16.07,16.65,24.17,17.98,22.05,15.23,28.64,23.95,13.11,36.81,90.66,77.86,117,February 2020,20921,79079,21.000029,57.00369
Greenland,,34.09,45.83,29.17,25,25,27.08,31.25,34.09,35.42,37.5,35.42,27.08,25,79.17,68.75,12,November 2019,31305,68695,71.81718,-40.426288
Suriname,,56.75,75.08,55.54,52.42,40.4,58.95,40.7,36.21,22.5,50,54.76,57.11,81.67,71.17,46.95,32,February 2020,51616,48384,4.141303,-56.077119
Uganda,,62.35,65.29,61.86,63.82,57.94,71.46,52.5,36.98,33.16,46.88,59.28,59.9,88.27,70.77,35.19,52,March 2020,57555,42445,1.533355,32.216658
Lesotho,,58.33,76.92,59.62,67.31,57.69,57.69,59.62,54.17,46.15,61.54,59.62,61.54,96.15,61.54,26.92,13,March 2020,61444,38556,-29.603927,28.335019
Singapore,,29,58.68,27.58,27.8,24.76,31.06,29.45,31.68,27.83,27.55,35.57,26.62,33.05,76.01,68.69,814,March 2020,30819,69181,1.290475,103.852036
United Arab Emirates,,11.43,38.83,14.13,12.14,10.71,16.21,13.78,17.57,13.3,17.68,15.65,11.76,23.43,90.98,82.76,1147,March 2020,15632,84368,24.000249,53.999483
Turkey,Izmir,25.73,55.93,30.46,26.75,17.9,29.36,29.68,28.39,14.21,27.52,30.71,20.94,40.99,86,65.39,149,February 2020,28155,71845,38.415342,27.144474
Brazil,Brasilia,72.32,78.76,46.46,67.86,62.39,72.1,49.56,35.05,22.38,62.96,68.08,72.25,81.73,61.62,27.88,114,March 2020,61591,38409,-10.333333,-53.2
Australia,Brisbane,33.81,56.72,33.94,28.1,25.19,31.34,31.81,33.59,23.43,46.49,42.14,34.31,29.58,81.44,52.39,368,March 2020,34367,65633,-27.468968,153.023499
India,Vadodara,28.66,50.71,34.54,29.03,26.45,31.42,30.21,25.81,21.48,30.24,34.76,29.69,58.73,83.68,70.27,69,February 2020,31476,68524,22.297076,73.195737
Brazil,Belo Horizonte,76.97,75.78,47.85,76.38,68.11,79.17,46.46,29.3,15.5,68.6,78.54,78.35,86.04,51.57,20.31,128,February 2020,65242,34758,-19.922732,-43.945095
United States,Boise| ID,35.06,66.56,37.34,31.58,32.57,46.33,30.92,31.07,26.43,48.94,45.07,36.84,36.62,75.65,64.14,77,February 2020,37392,62608,43.670257,-116.468032
Thailand,Bangkok,42.53,58.75,40.45,39.37,32.23,36.57,33.17,31.11,20.34,53.75,43.86,39.77,83.59,78.78,55.45,279,February 2020,41548,58452,13.754253,100.493087
France,Lyon,45.78,62.55,42.84,44.89,35.33,49.89,43.25,51.97,35.71,48.36,49.25,35.02,26,72.39,50.21,80,February 2020,43518,56482,45.757814,4.832011
India,Bangalore,51.3,63.24,45.2,49.35,43.69,47.6,47.56,45.98,35.59,41.83,50.92,44.6,77.85,69.75,42.27,473,February 2020,49135,50865,12.97912,77.5913
India,Thiruvananthapuram,39.58,62.18,40.07,37.57,36.6,35.07,34.68,35,25,39.92,43.91,34.3,56.25,72.76,48.89,66,February 2020,39861,60139,8.505891,76.957048
Australia,Adelaide,26.57,47.74,28.92,21.65,21.43,27.15,24.91,30.19,16.8,40.11,39.14,26.47,24.59,82.83,58.17,328,March 2020,28695,71305,-34.927428,138.599899
United States,Cleveland| OH,73.44,72.45,58.16,64.29,52.13,58.51,61.73,64.13,44.15,74.47,68.37,70.74,64.67,57.65,24.49,49,February 2020,64234,35766,41.500693,-81.692725
Philippines,Davao,27,26.08,33.81,31.44,26.56,28.25,28.91,26.16,21.42,33.99,33.81,29.22,31.93,81.33,74.14,911,March 2020,28065,71935,7.064524,125.608414
Norway,Kristiansand,47.47,61.06,47.69,43.7,31.48,37.94,44.05,40.18,50.58,63.95,51.53,36.15,30.52,63.72,46.17,94,February 2020,45374,54626,58.146708,7.995766
Ireland,Limerick,49.15,43.51,37.06,34.8,36.65,45.04,35.85,48.21,24.12,67.27,53.29,38.67,39.29,73.35,45.53,62,February 2020,43078,56922,52.661252,-8.630124
United States,Houston| TX,73.93,71.62,61.69,62.36,60.87,72.88,58.04,55.12,44.44,72.4,71.26,70,51.2,56.9,25,262,February 2020,64222,35778,31.560796,-95.489744
Canada,Markham,19.44,58.49,25.66,19.04,17.8,23.19,17.66,17.35,10.2,22.4,26.14,19.76,14.5,87.41,65.35,52,March 2020,22221,77779,43.854336,-79.326782
Spain,Palma de Mallorca,30.09,57.01,30.41,25.64,20.84,35.65,27.22,30.56,22.22,50,36.79,21.37,50.56,84.67,64.45,47,February 2020,32319,67681,39.569582,2.650075
Finland,Helsinki,19.14,55.14,14.49,19.36,13.52,20.18,23.54,25.68,22.17,30.88,29.83,18.42,14.84,87.87,73.56,235,March 2020,22591,77409,60.167409,24.942568
South Africa,Cape Town,83.88,81.75,70.48,73.75,65.54,74.34,66.21,56.21,51.88,75.11,76.19,80.08,84,47.9,15.75,466,March 2020,73149,26851,-33.928992,18.417396
United Kingdom,Brighton,40.38,67.62,33.87,35.29,23.04,31.37,39.29,46.49,16.23,66.38,44.19,34.71,21.36,81.79,61.37,61,February 2020,37519,62481,50.82204,-0.137406
United States,Irvine| CA,15.96,55,17.5,16.5,18.5,25.51,15.82,13.59,9.66,20.65,23,18,21.74,92,79,50,February 2020,19550,80450,33.671916,-117.753311
United Arab Emirates,Dubai,13.14,40.6,15.65,13.28,11.63,17.51,15.62,19.87,14.51,18.82,17.27,12.92,24.79,90.7,82.69,731,March 2020,16971,83029,25.07501,55.188761
Italy,Turin,53.35,66.25,53.59,52.6,45.47,54.43,47.74,47.62,34.42,61.82,61.78,43.97,65.17,62.76,38.24,155,February 2020,52583,47417,45.067755,7.682489
United Kingdom,Nottingham,54.54,51.18,45.08,47.75,37.99,45.01,45.42,48.16,30.97,60.51,55.71,50.84,32.42,72.11,45.08,74,February 2020,46910,53090,52.953416,-1.149277
United States,Austin| TX,38.07,64.19,36.4,28.51,29.87,50.88,25.88,30.37,19.21,43.35,45.54,33.11,29.13,83.85,54.39,114,February 2020,36024,63976,29.631136,-96.065321
Brazil,Rio de Janeiro,90.42,81.9,57.2,86.55,77.4,76.76,70.96,55.44,38.71,82.07,80.54,90.35,93.19,33.9,12.82,526,March 2020,77389,22611,-22.275276,-42.419415
Russia,Novosibirsk,50,47.73,32.58,44.32,42.58,54.3,46.97,46.59,33.71,54.92,53.52,35.94,78.03,73.48,33.85,66,January 2020,47874,52126,55.028217,82.923451
Mexico,Queretaro,39.08,76.03,40.07,34.93,37.5,54.23,28.08,16.67,4.92,29.85,44.44,37.5,67.28,88.36,66.32,74,February 2020,37298,62702,32.552764,-115.153242
United States,Riverside| CA,36.07,57.54,35.48,35.71,36.51,37.7,35.89,51.32,28.88,59.91,46.77,36.07,29.02,78.57,51.98,63,February 2020,39321,60679,33.980323,-117.369819
Italy,Catania,69.97,65.55,64.1,63.38,75.71,69.18,49.25,41.8,23.41,63.1,70.5,57.69,86.69,57.69,30.05,70,February 2020,61914,38086,37.502236,15.08738
Germany,Munich,11.69,56.08,16.12,12.65,9.67,14.43,19.31,21.82,13.08,20.23,22.86,10.65,14.57,90.73,77.13,255,March 2020,17569,82431,48.137108,11.575382
United States,Louisville| KY,66.5,75.49,50,45.67,34.62,50.98,44.71,41,33,66,58.82,56.25,45.31,70.67,36.06,52,February 2020,52625,47375,38.183562,-85.472544
Switzerland,Lausanne,28.24,59.36,31.49,27.45,13.01,24.62,24.29,31.43,16.67,51.45,34.71,17.24,17.39,85.05,58.66,73,February 2020,28831,71169,46.521827,6.632703
Norway,Oslo,37.97,62.76,29.04,36.13,23.93,33.79,34.62,33.76,28.85,55.3,41.21,33.84,26.63,74.85,55.11,309,March 2020,36695,63305,59.913269,10.739111
Canada,Hamilton,55.5,70.15,42.01,43.07,41.59,50.06,45.82,48.2,31.25,69.03,60.66,47.91,44.59,68.49,37.56,119,February 2020,50282,49718,43.255205,-79.868202
Malaysia,Penang,39.21,49.8,42.39,46.62,34.98,47.02,28.89,24.04,28.77,34.91,48.89,35.91,66.04,80.25,45.25,55,February 2020,40023,59977,5.406501,100.255908
United States,El Paso| TX,30,57.61,25.54,24.44,29.26,38.83,27.72,26.16,15.24,43.9,36.7,32.98,30.11,86.46,64.89,49,February 2020,31008,68992,31.768652,-106.425818
Spain,Alicante,25.64,48.43,27.27,25.09,20.2,34.4,20.74,22.67,12.21,37.21,33.98,20.65,52.38,87.05,64.22,46,February 2020,28287,71713,38.353738,-0.490185
Malaysia,Petaling Jaya,60.37,72.43,60.37,61.11,61.33,66.3,52.62,43.14,38.73,44.61,61.59,56.87,78.92,55.45,31.4,53,February 2020,58369,41631,3.105593,101.642697
South Africa,Port Elizabeth,84.54,89.18,80.87,81.7,70.57,76.84,76.79,59.68,53.26,75.53,78.35,84.18,85.11,44.85,14.8,98,March 2020,76825,23175,-33.961705,25.620752
Germany,Cologne,45.62,69.15,41.97,38.88,30,44.95,45.57,45.83,27.68,55.36,52.13,34.03,28.96,72.87,50.96,89,February 2020,42796,57204,50.938361,6.959974
United Kingdom,London,62.15,69.09,47.38,54.97,42.95,50.02,52.39,52.12,40.03,59.77,57.28,55.08,36.31,66.18,41.34,771,March 2020,52725,47275,51.507322,-0.127647
South Africa,Johannesburg,89.14,80.71,79.54,81.11,77.47,81.45,75.77,63.79,66.52,71.5,82.63,88.61,91.78,30.57,8.83,626,March 2020,80524,19476,-26.25.00,28.049722
Germany,Dusseldorf,29.19,58.81,31.37,26.75,20.92,28.73,30.6,35.83,21.77,42.74,41.75,24.83,19.67,81.75,59.83,66,March 2020,31162,68838,51.225402,6.776314
United States,Boston| MA,39.62,50,32.09,31.39,25.56,40.79,30.87,34.52,19.53,50.79,43.28,36.93,37.6,85.82,59.89,138,March 2020,35676,64324,42.360253,-71.058291
Italy,Palermo,49.97,54.63,44.46,45.73,49.54,58.16,38.1,39.81,19.34,50,57.6,40.65,82.08,65.65,43.61,59,March 2020,48279,51721,38.111227,13.352443
Mexico,Mexico City,78.46,80.15,58.9,75.97,66.06,68.54,62.14,50.53,27.19,68.07,73.82,79.68,88.54,50.83,21.06,394,March 2020,68416,31584,19.432601,-99.133342
Canada,Calgary,35.11,63.33,31.26,23.87,29.43,44.03,22.5,29.94,18.37,48.21,43.46,30.46,23.47,86.83,62.15,280,March 2020,33216,66784,51.053423,-114.062589
United States,Los Angeles| CA,53.12,52.67,41.61,40.32,41.02,49.32,40.52,43.58,30.28,57.49,53.72,48.39,46.57,73.24,50.17,302,March 2020,45967,54033,33.765659,-118.23955
Mexico,Tijuana,76.06,66.9,61.97,64.44,62.5,70.77,59.15,38.08,23.08,75,75.36,70,85.38,61.46,28.12,72,February 2020,64190,35810,32.500863,-116.964166
Brazil,Fortaleza,91.11,87.98,62.86,90.71,80.05,82.52,74.28,53.28,26,81.06,84.47,91.59,90.66,31.19,12.38,105,February 2020,78542,21458,-3.730451,-38.521799
Netherlands,Utrecht,28.92,52.85,35.61,23.07,19.34,32.43,25.74,27.22,23.3,33.89,39.02,23.6,12.78,85.83,68.42,48,February 2020,28315,71685,52.080952,5.12768
United Kingdom,Leeds,46.28,60.37,47.69,36.94,33.25,47.26,38.53,42.65,27.61,55.22,51.56,40.01,28.41,74.1,49.09,72,March 2020,42656,57344,53.797419,-1.543794
India,Nagpur,38.43,53.61,40.84,39.24,35.99,41.73,39.32,36.67,31.67,31.11,40.22,37.65,50,77.01,62.65,48,March 2020,38452,61548,21.149813,79.082056
United States,Salt Lake City| UT,28.25,59.06,33.75,25,26.6,44.3,24.37,28.33,18.92,45.61,43.67,31.56,28.87,87.19,65,80,February 2020,31918,68082,40.730688,-111.987111
Canada,Windsor,36.29,53.98,37.4,31.43,22.91,39.72,28.59,26.74,19.19,68.02,46.2,32.57,32.32,80.06,53.51,46,February 2020,36139,63861,42.30423,-83.029861
Canada,Halifax,50.99,65.22,36.31,36.59,29.07,44.34,36.71,38.37,19.89,56.37,48.53,43.11,35.47,82.16,45.6,94,February 2020,42070,57930,44.648624,-63.585949
Thailand,Pattaya,56.01,64.21,50.69,48.59,36.67,44.85,43.8,45.63,31.25,61.3,55.54,53.23,77.45,73.17,46.13,112,February 2020,50702,49298,12.931859,100.900691
Italy,Trieste,16.21,47.38,21.12,15.65,9.33,14.22,14.77,16.86,10.23,22.09,25.65,11.21,23.86,90.31,78.9,46,February 2020,18341,81659,45.650034,13.770656
Canada,Vancouver,37.54,56.43,32.67,26.76,31.97,50.18,29.02,32.39,16.95,69.79,48.79,31.46,29.37,83.94,60.03,371,March 2020,36731,63269,49.260872,-123.113953
United States,Anchorage| AK,75,91.8,59.58,51.23,58.33,72.13,52.05,55.26,31.36,81.78,71.31,61.48,37.29,59.02,32.79,61,February 2020,62164,37836,61.217336,-149.877749
Sweden,Gothenburg,52.06,69.78,37.09,43.58,35,45.05,44.57,41.95,35.45,52.4,50.41,47.42,34.43,73.11,45.11,185,February 2020,45594,54406,57.707233,11.967017
United States,Tampa| FL,56.15,61.51,44.53,44.92,42.06,55.56,49.21,46.72,34.17,56.36,54.76,49.61,43.75,70.31,39.84,65,February 2020,49498,50502,27.951849,-82.456397
Philippines,Cebu,55.31,56.24,52.19,54.33,39.2,47.68,48.62,40.85,32.52,65.04,57.3,53.06,69.64,66.69,42.74,119,February 2020,51363,48637,10.45,123.84
India,Chandigarh,43.11,62.73,44.92,41.26,45.2,46.59,36.13,32.61,25,52.24,50.41,43.37,57.5,72.66,52.14,75,February 2020,43676,56324,30.719402,76.764655
Saudi Arabia,Riyadh,22.23,44.11,24.14,26.51,29.88,34.41,24.03,29.48,23.87,25.93,26.02,23.04,40.39,82.7,70.22,256,February 2020,27387,72613,24.631969,46.715065
India,Gurgaon,67.66,64.82,51.49,57.04,54.19,56.56,57.4,54.39,31.8,44.82,59.6,59.44,76.58,59.31,30.16,119,February 2020,57744,42256,28.488957,77.010784
Belgium,Gent,27.92,62.55,29.08,23.03,14.22,29.22,23.44,25.83,13.14,33.33,39.57,17.39,22.08,91.85,70.61,62,February 2020,26716,73284,51.053829,3.725012
Ireland,Cork,32.83,64.93,32.15,25.44,24.75,30.87,31.05,37.01,18.27,52.16,41.18,30.94,28.47,80.48,54.84,109,March 2020,34141,65859,51.897928,-8.470581
Romania,Bucharest,22.69,34.83,22.9,24.89,17.57,34.39,21.53,33.97,13.23,26.16,33.7,14.66,78.2,88.63,67.32,626,February 2020,27538,72462,44.436141,26.10272
Mexico,Guadalajara,71.88,81.03,57.59,66.61,64.69,72.4,51.55,33.81,18.84,64.49,66.96,70.63,83.64,61.9,27.57,146,March 2020,62259,37741,20.676143,-103.346998
Italy,Bologna,47.16,69.07,47.54,46.16,31.22,41.17,40.82,41.29,15.91,58.58,61.4,36.09,50.75,76.36,43.38,72,February 2020,44808,55192,44.493671,11.343035
Brazil,Curitiba,73.95,74.65,57.78,72.88,65.22,67.86,48.21,35.62,17.82,68.03,70.33,76.06,80.53,56.96,20.21,215,March 2020,63510,36490,-25.429596,-49.271272
Mexico,San Miguel de Allende,71.58,88.51,61.15,56.25,43.4,58.45,44.59,23.53,16.54,49.63,70.55,60.96,77.99,80.74,38.67,75,March 2020,55699,44301,20.913903,-100.744012
France,Grenoble,67.71,78.27,54.93,63.27,49.93,59.93,63.27,67.68,51.22,76.83,73.23,60.49,51.83,55.91,28.74,46,February 2020,62904,37096,45.182151,5.727472
Malaysia,Kuching,51.39,68.92,57.75,52.43,44.98,50.83,40.52,26.74,19.44,40.56,51.36,40.19,68.18,67.32,44.45,47,February 2020,47312,52688,1.557413,110.343986
United States,Richmond| VA,57.69,50.48,39.42,43.14,34.31,58.82,37.75,34.9,19.68,54.79,59.13,49.52,35,81.13,43.14,53,February 2020,45044,54956,37.538509,-77.43428
Norway,Stavanger,20.2,51.18,23.96,20.89,14.75,23.05,21.77,21.82,13.89,39.09,28.79,19.58,18.18,84.21,66.94,57,February 2020,23906,76094,58.968043,5.732472
Russia,Yekaterinburg,50,56.6,33.65,40.2,48.58,50,44.71,42.79,29.9,56.25,56.73,35.85,81.73,78.3,37.74,53,March 2020,47703,52297,56.839104,60.60825
Germany,Stuttgart,23.41,61.33,25.68,20.06,15.95,22.59,29.28,35.17,23.26,34.41,33.17,24.27,25.6,82.53,65.22,92,February 2020,27838,72162,48.778449,9.180013
Italy,Naples,60.78,49.66,46.85,56.87,55.13,58.74,46.95,49.22,28.26,60.05,61.49,56.75,74.08,57.02,33.86,205,March 2020,55030,44970,40.835934,14.248783
India,Jaipur,37.96,54.78,42.13,34.11,37.48,37.96,34.11,23.4,15.43,27.66,39.88,29.98,61.17,85.07,63.92,53,February 2020,35469,64531,26.916194,75.820349
Ireland,Dublin,55.06,68.8,47.34,45.06,37.1,47.59,47.18,48.9,28.64,71.1,57.66,47.33,46.23,70.3,44.59,499,March 2020,49601,50399,53.349765,-6.260273
Germany,Karlsruhe,41.03,75.35,26.33,49.86,19.46,31.85,53.78,49.49,19.9,32.65,36.62,46.35,12.76,70.53,41.03,52,February 2020,39172,60828,49.014068,8.404437
United States,Buffalo| NY,51.06,54.26,39.89,40.22,36.17,57.61,35.87,35.47,26.16,55.95,53.8,44.68,54.76,77.66,51.06,47,February 2020,44665,55335,42.920374,-78.86806
United States,Philadelphia| PA,73.55,65.48,51.39,57.68,45.8,62.5,56.45,60.45,42.36,74.16,66.73,67.86,62.92,64.92,33.01,129,February 2020,60971,39029,40.012493,-75.043329
India,Kochi,39.3,53.88,40.42,40.36,37.56,39.35,40.64,41.04,29.17,43.28,47.16,37.38,64.55,66.38,50.06,73,February 2020,42132,57868,9.963386,76.253661
Croatia,Split,30.98,62.63,23.4,23.4,22.07,30.91,26.86,29.44,29.62,47.25,37.23,27.93,79.12,85.79,67.89,96,February 2020,34066,65934,43.511556,16.43968
Australia,Melbourne,46.32,68.2,41.52,38.41,34.23,40.41,42.6,44.65,29.61,55.81,52.99,45.74,35.6,72.27,42.71,669,March 2020,44338,55662,-37.814218,144.963161
Canada,Nanaimo| BC,53.58,74.26,41.95,29.09,33.47,48.38,32.03,33.93,14.73,74.11,60.91,38.98,30.91,75.57,51.02,58,February 2020,43935,56065,49.3103,-124.325539
Australia,Gold Coast,46.56,65.14,41.3,37.6,35.24,45.19,40.52,44.06,28.47,66,54.34,45.14,34.21,75.33,43.85,108,March 2020,44571,55429,-28.002373,153.414599
Turkey,Antalya,25.31,48.92,28.61,27.67,24.84,33.66,31.91,29.69,19.79,28.65,30.97,26.73,42.93,87.1,71.6,54,February 2020,28918,71082,36.900878,30.693712
Israel,Haifa,21.54,49.26,28.69,14.48,23.13,32.75,18.69,27.27,20.45,32.95,34.45,18.28,41.11,89.8,73.69,47,February 2020,26038,73962,32.819122,34.998386
Italy,Rome,53.86,70.22,55.01,49.99,52.13,59.53,42.52,44.56,32.6,56.35,62.73,44.53,76.65,71.93,45.02,266,March 2020,52438,47562,41.894802,12.485338
United States,New Orleans| LA,78.67,63.31,60.71,64.29,55.52,63.31,61.04,54.79,41.78,71.23,69.08,70.07,68.06,55.92,25.97,77,February 2020,64548,35452,29.949932,-90.070116
United States,Atlanta| GA,73.79,69.78,59.59,58.89,54.51,67.11,55.74,57.56,48.46,70.9,69.81,66.54,58.27,63.52,27.57,137,March 2020,62791,37209,33.749099,-84.390185
United States,Madison| WI,34.91,64.09,29.09,25,25,36.11,27.73,24.5,18.5,38,39.55,32.73,21.5,85.19,66.82,55,February 2020,31442,68558,43.10423,-89.287532
Philippines,Manila,73.53,62.06,61.04,68.15,59.34,61.68,61.22,54.34,38.65,69.93,71.02,70.02,82.39,55.52,29.59,324,February 2020,64431,35569,14.590622,120.97997
Croatia,Rijeka,14.18,39.93,22.39,15.3,11.19,21.27,14.55,19.84,12.3,28.12,30.22,14.18,61.9,92.8,80.97,67,February 2020,21174,78826,45.326936,14.440984
Israel,Jerusalem,36.09,52.04,33.98,25.65,33.43,37.31,41.32,37.85,47.54,30.07,35.65,30.32,40.97,73.65,62.98,76,February 2020,36339,63661,31.778345,35.225079
France,Toulouse,51.62,72.86,43.13,46.8,38.58,48.17,45.83,53.21,27.46,54.29,54.61,39.07,28.85,76.57,39.75,74,March 2020,46553,53447,43.604462,1.444247
Mexico,Monterrey,63.05,56.52,44.89,59.07,42.34,54.56,43.43,30.58,14.96,49.81,56.07,64.23,74.81,77.9,34.96,139,March 2020,51033,48967,25.639784,-100.293102
Ireland,Galway,28.54,56.87,30.86,21.99,19.37,31.87,27.82,34.15,15.49,44.72,39.3,23.09,29.41,87.62,60.59,75,February 2020,30138,69862,53.274412,-9.049063
Ukraine,Kiev (Kyiv),50.71,68.5,49.51,42.93,45.94,56.14,39.62,35.75,24.42,40.41,53.54,38.77,83.55,79.5,47.46,358,February 2020,47309,52691,50.450107,30.52405
Turkey,Bursa,25.83,40.02,29.83,27.67,22.71,27.39,27.39,25.33,19.41,29.28,30.59,21.81,34.21,84.77,68.41,81,February 2020,27056,72944,40.182706,29.066764
Malaysia,Johor Bahru,60.2,57.06,60.03,58.19,60.97,62.53,48.47,39.67,35.33,47.8,63.19,56.28,65.45,57.14,31.08,96,February 2020,55726,44274,1.495304,103.755084
Spain,Bilbao,53.54,75.85,52.12,53.48,48.24,52.65,53.04,52.83,45.28,61.06,56.22,50.83,64.15,51.28,37.9,58,February 2020,55129,44871,43.262949,-2.934946
Switzerland,Zurich,10.65,51.7,15.85,10.58,8.23,13.96,15.58,18.04,13.19,30.2,24.53,11.23,14.69,89.64,79.19,190,March 2020,17112,82888,47.372396,8.542322
Philippines,Quezon City,70.03,62.88,59.21,70.35,61.07,64.78,63.28,50.42,25.85,67.62,72.01,68.04,84.32,58.52,35.5,65,March 2020,62700,37300,14.650991,121.048616
Spain,Valencia,17.73,53.59,23.14,21.2,16.09,29.68,17.56,21.65,9.85,38.13,36.38,17.32,59.85,91.1,76.3,104,February 2020,25308,74692,39.469901,-0.375951
United Kingdom,Aberdeen,35.99,52.91,33.93,32.86,28.77,33.93,33.31,35.38,19.34,54.72,46.95,32.08,25,76.55,54.77,55,February 2020,35637,64363,57.148228,-2.092678
Ukraine,Lviv,42.16,65.54,44.27,38.98,34.66,49.57,37.17,32.3,25.22,37.84,49.35,32.11,83.41,82.14,56.51,119,February 2020,42250,57750,49.841952,24.031592
Ireland,Drogheda,64.98,74.31,55.24,56.84,52.63,54.58,58.53,55.73,40.74,71.06,65.69,61.04,57.41,51.08,32.43,114,February 2020,59719,40281,53.714512,-6.349355
South Africa,Durban,87.84,85.07,84.86,83.33,81.83,79.86,78.69,63.59,65.28,73.44,82.27,88.01,91.83,34.62,11.25,222,February 2020,80924,19076,-29.861825,31.009909
Germany,Frankfurt,46.16,60.54,35.65,38.78,29.82,38.32,42.09,46.69,26.24,58.26,49.43,39,30.17,71.73,49.83,129,February 2020,41877,58123,50.110644,8.682092
Spain,Seville (Sevilla),24.62,53.32,29.17,29.25,25.99,40.08,20.53,25,14.62,40.57,44.17,22.35,51.96,86.24,67.93,56,February 2020,30394,69606,37.38863,-5.995317
Saudi Arabia,Jeddah (Jiddah),23.69,48.38,27.65,29.54,33.27,41.29,26.17,35.58,23.06,33.13,33.33,26.19,47.2,82.04,65.57,137,February 2020,31074,68926,21.441667,39.108333
Canada,Vaughan,38.76,67.02,56.15,40.18,39.62,41.84,35.98,28.05,23.21,47.09,45.73,35.73,34.09,80.18,55.61,48,February 2020,39716,60284,43.820904,-79.5084
China,Beijing,29.72,47.66,32.69,30.83,30.13,35.09,31.61,37.5,28.56,31.53,38.7,29.84,59.12,71.64,62.18,261,February 2020,34624,65376,39.905963,116.391248
Netherlands,Amsterdam,32.71,53,30.76,28.97,23.69,37.86,27.09,30.73,25.55,46.75,40.88,28.87,22.21,80.69,63.63,245,March 2020,32363,67637,52.37454,4.897976
Saudi Arabia,Ad Dammam,28.16,60.02,28.98,28.51,29.45,40.3,28.98,32.84,30.39,29.41,35.58,28.51,47.06,77.57,63.41,53,February 2020,33149,66851,26.436782,50.103999
Canada,Montreal,26.13,48.18,27.23,22.56,22.48,36.1,21.78,23.89,14.25,43.37,40.07,24.67,50.54,90.02,70.86,493,March 2020,28978,71022,45.497216,-73.610364
Canada,Red Deer,71.59,84.66,63.94,47.61,69.16,79.16,45.66,44.79,19.79,77.13,80.66,54.16,36.7,69.16,30.77,50,February 2020,59898,40102,52.269838,-113.818359
Belgium,Brussels,55.37,64.09,49.3,52.13,40.18,56.07,51.16,53.34,38.71,54.01,64.8,47.64,35.93,67.81,38.26,235,March 2020,51024,48976,50.846557,4.351697
United States,San Diego| CA,38.89,53.91,35.38,30.62,37.79,45.96,29.23,29.64,18.15,50,46.71,33.53,35.86,83.08,56.92,130,February 2020,36674,63326,32.690461,-117.152486
Romania,Iasi,23.1,35.16,21.56,26.9,16.02,37.01,26.35,29.17,16.18,21.39,37.43,14.99,73.51,87.43,61.17,89,March 2020,28022,71978,47.161494,27.58405
Canada,Winnipeg,68.88,73.43,52.53,50.3,47.47,64.49,49.87,49.76,32.89,70.87,67.36,59.56,42.2,65.27,31.98,219,February 2020,57066,42934,49.884017,-97.168579
Brazil,Recife,93.04,80.38,57.69,88.61,73.1,75.97,69.62,50.33,25.33,75.66,82.59,91.77,93.92,31.41,6.96,80,February 2020,76807,23193,-8.064193,-34.878152
Argentina,Buenos Aires,72.76,72.88,52.99,69.36,56.49,63.75,54.99,43.34,16.08,61.78,68.09,70.03,86.14,60.73,28.26,463,February 2020,61483,38517,-34.607562,-58.437076
New Zealand,Christchurch,41.56,60.46,41.65,24.98,30.75,40.36,34.22,34.94,22.41,49.72,54.06,39.77,25.29,74.16,44.34,93,February 2020,39105,60895,-43.530955,172.636646
United States,Charlotte| NC,53.88,67.67,42.98,40.25,34.05,48.73,37.71,36.11,24.54,50,55.7,47.88,37.26,79.24,51.69,59,February 2020,44329,55671,35.60013,-82.546941
United States,San Jose| CA,50,68.08,47.69,40.62,42.46,55.47,36.15,37.92,23.75,55.51,57.03,44.14,26.72,78.46,53.08,65,February 2020,44353,55647,39.78373,-100.445882
India,Coimbatore,32.71,46.41,47.75,40.16,40.89,42.84,33.61,34,25.98,38,41.64,35.63,64,80.78,61.59,58,February 2020,38039,61961,11.001812,76.962843
United States,Sacramento| CA,59.29,68.84,44.93,42.81,43.92,56.42,40.07,45,31.07,62.86,55.82,47.97,36.43,70,40.54,75,February 2020,49616,50384,38.596046,-121.476514
United States,Miami| FL,57.92,64.09,48.77,49.38,46.28,56.62,46.49,45.47,29.74,63.25,57.44,55.94,62.17,67.28,42.77,126,February 2020,52315,47685,25.78056,-80.171209
United Kingdom,Bradford,56.13,56.9,54.04,53.12,51.26,57.75,51.73,53.57,44.27,67.86,60.06,49.41,59.62,56.12,32.08,57,February 2020,55281,44719,53.794157,-1.749478
Poland,Katowice,40.07,40.07,32.18,39,33.93,42.13,40.79,42.13,43.64,40,52.35,27.79,46.76,76.48,49.28,57,March 2020,39719,60281,50.259899,19.021585
Ecuador,Guayaquil,75.07,71.64,57.91,75.07,58.41,74.09,55.95,43.23,15.82,64.06,70.66,72.13,85.2,53.99,19.19,51,February 2020,64482,35518,-2.170414,-79.905024
Norway,Bergen,23.53,63.72,24.98,23.93,15.48,26.39,29.56,26.84,19.12,50.76,38.72,24.63,25,82.73,64.77,71,February 2020,28954,71046,60.394353,5.325551
United Arab Emirates,Sharjah,16.83,42.89,12.31,15.02,12.57,17.36,16.83,11.67,10.56,20.93,14.17,14.48,17.22,89.7,73.25,48,February 2020,17268,82732,25.358543,55.389532
United States,Albuquerque| NM,84.4,82.8,70.68,60,71.3,78.27,58.41,57.14,37.98,84.76,85.32,73.18,65.93,56.59,22.05,110,March 2020,70608,29392,35.067498,-106.493993
Romania,Cluj-Napoca,13.43,39.03,16.46,16.05,9.99,24.5,15.8,23.32,11.14,19.8,27.68,9.7,59.06,91.5,75.85,207,February 2020,20322,79678,46.769337,23.59006
United States,Phoenix| AZ,61.88,64.14,55.99,41.53,48.95,59.45,41.88,43.2,33.55,65.3,61.55,54.34,43.81,71.28,38.22,122,February 2020,52343,47657,33.455304,-112.179943
United States,Orlando| FL,62.05,63.82,53.32,49.12,44.47,56.86,48.46,42.13,28.7,61.81,60.94,55.92,42.62,69.08,38.6,114,February 2020,52155,47845,39.78373,-100.445882
United States,Dallas| TX,55.12,63.49,46.63,42.52,40.48,61.4,45.47,46.9,40.91,58.47,54.56,50.6,46.88,73.62,40.94,127,March 2020,49948,50052,32.987122,-96.985265
Germany,Berlin,42.24,68.83,36.85,38.15,30.86,36.98,40.19,46.51,30.97,57.12,52.42,36.65,30.16,78.97,54.96,448,March 2020,41087,58913,52.517037,13.38886
India,Indore,67.44,65.83,56.32,54.99,50.2,52.29,54.37,54.79,35.11,51.06,67.39,57.49,74.47,59.2,39.7,50,March 2020,57514,42486,22.720385,75.86821
Canada,Toronto,42.01,62.1,34.44,35.24,28.74,38.65,34.7,38.47,23.68,51.04,44.72,41.17,34.28,78.1,56.63,748,February 2020,38737,61263,43.653963,-79.387207
Brazil,Campinas,80.82,69.18,58.68,79.17,76.79,78.77,55.14,32.97,18.18,67.75,76.71,81.08,84.42,55.82,20.21,74,February 2020,67369,32631,-22.90556,-47.06083
United States,Cincinnati| OH,62.5,64.89,41.67,41.15,29.79,52.6,37.23,51.11,35.33,70.65,59.38,50.52,36.11,75.51,36.73,49,February 2020,49746,50254,39.101892,-84.510669
Australia,Hobart,27.92,57.76,34.17,28.49,27.45,36.28,31.61,43.48,21.74,43.12,42.38,31.61,31.72,78.14,55.92,72,March 2020,34089,65911,-42.882509,147.328123
Thailand,Chiang Mai,17.96,53.4,23.85,15.9,17.72,19.46,14.31,12.5,9.64,29.22,22.71,22.71,69.35,94.49,80.21,93,February 2020,22938,77062,18.790562,98.988091
Finland,Tampere,20.05,65.83,18.28,18.28,14.65,20.65,22.65,24.49,11.73,27.55,28.57,14.85,17.35,92.65,72.2,51,February 2020,22364,77636,61.498021,23.760312
China,Guangzhou,36.67,52.27,38.08,39.19,36.67,43.99,37.24,44.21,35.71,36.9,43.99,34.29,57.35,63.78,53.11,90,February 2020,40765,59235,23.130196,113.259295
Canada,Moncton,48.6,69.44,40.47,31.79,26.69,47.1,34.86,35.87,18.48,61.7,47.61,39.23,35.56,79.75,54.75,49,March 2020,41182,58818,46.097995,-64.80011
France,Paris,55.68,68.83,48.86,54.5,42.1,51.73,52.64,58.98,42.58,56,62.95,48.53,42.74,65.88,43.87,464,March 2020,52219,47781,48.85661,2.351499
United States,Chicago| IL,76.93,68.75,55.68,63.38,52.37,62.5,59.76,58.1,45.3,67.95,66.52,69.34,70.47,58.99,27.42,336,February 2020,63794,36206,41.875555,-87.624421
Canada,London,49.66,71.83,45.88,39.6,38.63,52.88,37.65,45.07,30.07,67.76,57.9,45.56,43.67,72.78,47.46,79,February 2020,47367,52633,42.988576,-81.246643
United States,Seattle| WA,51.62,71.45,45.2,38,43.09,61.58,39.78,49.87,23.2,67.78,59.53,42.33,31.68,75.25,47.3,208,February 2020,47400,52600,47.649062,-122.3473
Canada,Oakville,24.26,69.72,37.21,25.14,27.37,28.78,22.42,20.83,20.75,35.65,36.96,24.7,21.3,82.34,69.2,60,March 2020,28945,71055,43.447436,-79.666672
Belgium,Antwerp,37.71,54.51,35.3,30.69,24.5,42.31,33.88,33.93,23.21,51.47,42.89,25.36,26.52,83.96,57.85,90,February 2020,35052,64948,51.22111,4.399708
Germany,Hamburg,45.51,53.6,44.65,44.42,32.69,43.68,45.77,48.23,24.18,54.64,54.04,44.13,37.36,66.71,46.87,195,March 2020,44138,55862,53.550341,10.000654
Pakistan,Islamabad,25.65,37.86,29.78,30.71,34.44,29.98,21.2,20.12,13.03,33.26,33.99,28.31,57.48,82.66,65.33,230,February 2020,29360,70640,33.666667,73.166667
United Arab Emirates,Abu Dhabi,5.77,35.38,9.21,7.42,6.77,11.01,8.32,12.35,9.4,14.1,10.5,8.67,20.62,92.39,85.77,263,March 2020,11347,88653,23.997644,53.64391
Russia,Nizhny Novgorod,31.45,34.68,25.81,28.23,26.21,33.61,31.05,28.23,21.37,35.48,34.68,24.6,47.98,81.05,64.34,62,March 2020,30641,69359,56.328571,44.003506
Canada,Brampton,62.95,73.79,56.3,55.11,46.8,52.84,53.35,47.83,37.4,67.1,58.01,56.21,46.01,62.97,35.2,408,February 2020,55378,44622,43.685815,-79.759934
United Kingdom,Glasgow,52.3,46.06,38.04,39.33,29.63,36.97,45.16,50.32,30.41,65.61,55.16,46.8,26.92,73.01,44.36,166,February 2020,44114,55886,55.856656,-4.243582
Netherlands,The Hague (Den Haag),26.68,47.31,25.7,23.37,19.09,28.68,22.71,27.78,20.83,29.86,29.02,18.68,19.86,86.68,64.82,76,February 2020,25966,74034,52.074946,4.26968
Canada,Edmonton,49.62,64.07,36.28,32.42,34.03,49.5,34.19,36.67,20.28,59.23,56.01,41.36,30.62,77.42,47.61,225,February 2020,42264,57736,53.535411,-113.507996
United States,Spokane| WA,59.78,80.85,56.91,37.77,50,70.11,38.59,53.41,23.3,75.57,73.37,47.28,36.36,76.6,43.62,47,February 2020,53096,46904,47.631737,-117.606883
Pakistan,Lahore,38.85,36.2,37.08,42.49,43.22,39.56,27.8,25.95,16.17,40.46,44.79,44.51,73.78,77.27,56.77,202,March 2020,38501,61499,31.519582,74.326297
Ukraine,Dnipro,57.42,67.76,52.29,48.3,51.66,66.55,50.65,45.77,22.54,47.18,58.54,41.77,81.43,72.03,39.99,76,March 2020,52628,47372,48.468022,35.041771
Ukraine,Odessa (Odesa),55.86,72.95,52.27,51.82,46.87,65.88,47.7,44.84,23.12,51.36,63.91,40.46,87.9,72.72,43.43,99,March 2020,52971,47029,46.484658,30.732564
Finland,Oulu,30.05,66.8,31.62,31.62,30.8,32.54,32.69,42.31,25,44.23,48.28,26.52,22.6,76.99,64.49,54,February 2020,34334,65666,65.011873,25.471681
Canada,Quebec City,9.62,38.59,12.95,10.07,10.71,17.77,9.37,12.12,10.96,21.68,20.92,13.23,27.15,94.15,85.58,139,February 2020,14979,85021,46.82596,-71.235223
United Kingdom,Liverpool,53.05,57.22,45.81,38.03,39.58,42.5,39.29,43.68,26.86,66.32,53.94,43.83,32.18,73.13,52.17,99,February 2020,44888,55112,53.405472,-2.980539
Spain,Madrid,25.22,52.97,26.94,29.26,23.33,34.85,21.85,25.31,18.98,38.35,38.76,22.44,57.48,86.63,70.32,341,February 2020,29955,70045,40.416705,-3.703582
Switzerland,Bern,10.74,45.26,16.65,16.65,8.46,15.46,13.64,16.52,16.96,32.59,31.2,11.91,14.29,90.79,78.29,61,February 2020,17808,82192,46.948271,7.451451
Argentina,Cordoba,67.76,75.39,56.77,63.63,48.94,60.2,47.5,31.12,17,57.65,67.69,64.33,76.53,70.1,36.44,52,February 2020,56676,43324,-27.777716,-67.235317
Argentina,Rosario,84.4,85.2,63.14,80.51,55.79,71.47,63.14,32.14,13.27,82.29,78.4,81.28,84.69,48.4,15.1,51,February 2020,69472,30528,-32.9595,-60.661541
Germany,Hanover,49.38,72.09,36.9,41.69,28.64,38.96,47.98,48.11,34.5,53.85,52.22,38.75,24.52,73.96,45.7,55,February 2020,43923,56077,52.374478,9.738553
South Africa,Pretoria,88.14,84.45,82.35,85.08,80.26,82.2,78.74,68.11,74.9,73.47,82.02,89.16,90.57,34.28,10.45,257,February 2020,81824,18176,-25.745937,28.187944
United States,Portland| OR,54.32,75.54,45.11,35.14,42.39,64.75,39.31,51.15,25.19,66.86,63.59,44.16,35.91,75,46.94,141,February 2020,48831,51169,45.533025,-122.578964
New Zealand,Auckland,47.01,64.98,47.89,40.78,42.96,51.37,40.5,45.46,32.93,57.15,54.76,43.58,26.51,71.37,42.91,348,February 2020,45625,54375,-36.853466,174.765551
Australia,Canberra,15.74,38.97,20.99,12.99,13.14,20.85,16.92,20.88,12.5,29.88,27.59,17.44,16.77,86.58,68.22,180,February 2020,20079,79921,-35.297591,149.101268
India,Chennai,40.67,56.47,44.72,41.72,35.75,38.01,37.28,38.69,22.78,35.68,46.86,38.14,74.19,81.59,53.56,307,March 2020,41009,58991,13.080172,80.283833
Mexico,Merida,20.35,57.56,36.9,25.29,18.9,27.91,20.88,14.81,10.8,25.93,36.63,24.71,52.78,91.86,79.07,86,February 2020,26072,73928,19.424636,-99.158836
China,Shenzhen,30.53,43.05,27.59,31.53,28.35,33.41,29.77,33.67,25.76,32.83,36.08,28.07,57.73,71.52,59.63,103,February 2020,33428,66572,22.54457,114.054535
Sweden,Malmo,60.48,69.15,46.48,54.4,44.52,53.23,54.27,52.49,50.73,57.34,57.31,56.93,38.95,60.83,39.57,460,February 2020,53932,46068,55.605293,13.000157
Poland,Lodz,44.89,42.79,39.6,40.98,35.86,43.39,47.3,49.05,47.5,32.69,56.26,35.43,44.14,69.95,45.55,84,February 2020,43186,56814,51.768732,19.456991
Poland,Gdansk,26.65,40.33,24.35,28.7,25.79,30.1,30.96,32.32,29.46,29.52,42.07,22.34,44.51,81.53,58.83,88,February 2020,30591,69409,54.347628,18.645203
Germany,Dresden,24.85,60.26,27.4,23.29,29.01,23.25,34.03,33.51,33.15,32.45,34.22,22.24,23.89,80.06,64.14,49,February 2020,29826,70174,51.049329,13.738144
Poland,Warsaw,21.14,35.9,22.39,22.5,23.81,29.72,25.89,29.48,31.11,24.76,42.65,15.99,44.07,87.78,66.48,434,March 2020,26908,73092,52.231924,21.006727
Turkey,Istanbul,51.5,68.5,43.79,45.04,33.13,45.41,47.39,49.93,32.03,42.72,46.25,40.85,69.9,70.55,40.88,789,March 2020,47530,52470,41.009633,28.965165
Mexico,Cancun,52.78,73.15,56.02,53.64,46.82,51.82,45.91,34.31,24.51,57.35,54.55,50.45,70.1,69.91,52.73,56,February 2020,50255,49745,19.301982,-99.221511
United States,Indianapolis| IN,69.53,80.86,56.25,52.42,51.17,64.52,48.79,45,26.25,65,66.27,63.89,41.67,69.92,32.81,64,February 2020,56938,43062,39.768333,-86.15835
United States,Nashville| TN,57.56,74.47,44.68,46.28,36.17,51.6,42.02,43.6,22.67,60.47,59.57,54.79,40.48,77.66,46.28,47,February 2020,48561,51439,36.110472,-86.716516
United States,Memphis| TN,87.26,72.22,69.44,71.3,63.43,77.31,67.59,69.12,64.42,84.31,80.56,79.17,65.2,43.52,18.98,54,February 2020,74315,25685,35.076078,-89.863739
Romania,Brasov,17.31,34.45,24,18.2,12.43,30.59,17.43,24.6,8.73,17.74,25.88,12.24,59.92,89.67,75.12,67,March 2020,21962,78038,45.652309,25.610275
Poland,Krakow (Cracow),24.79,43.32,21.62,22.54,21.49,28.63,28.32,31.15,34.46,24.04,41.25,19.27,41.76,84.96,65.42,194,March 2020,28344,71656,50.060674,19.937139
Switzerland,Basel,16.14,48.85,18.16,15.61,9.31,14.43,18.92,21.83,15.62,33.2,24.61,13.24,12.11,88.95,73.86,68,March 2020,19500,80500,47.558108,7.587826
Spain,Malaga,21.39,37.2,24.51,22.92,18.65,31.55,17.87,18.85,11.07,31.67,32.33,18.95,40.98,83.89,67.09,64,February 2020,24691,75309,36.721303,-4.421637
India,Mumbai,46.3,52.26,39.76,39.79,38.07,44.34,37.35,38.12,28.85,40.76,47.39,38.44,74.88,76.63,57.97,449,March 2020,42606,57394,18.938754,72.835238
United States,Columbus| OH,50.85,63.75,33.33,38.98,35.59,48.33,31.25,41.36,29.09,55.91,50.86,43.22,33.64,75.41,50.41,61,February 2020,43061,56939,39.979506,-83.062631
United States,New York| NY,48.05,50.43,37.17,44.79,36.12,44.94,42.28,49.85,33.99,55.6,52.1,48.02,51.46,75.29,53.09,353,March 2020,44854,55146,40.737233,-73.862477
India,Mangalore,25.59,33.05,23.15,20.55,21.16,19.7,25.93,22.56,24.25,26.11,24.88,24.51,36.21,79.92,71.27,145,February 2020,25155,74845,12.86981,74.843008
United Kingdom,Manchester,61.37,68.79,53.71,52.73,44.23,52.42,54.33,55.54,36.56,68.46,62.66,52.41,30.69,67.36,35.04,157,February 2020,53779,46221,53.47913,-2.244101
India,Ahmedabad,27.58,49.01,36.57,30.95,30.91,35.49,28.66,28.6,22.54,21.15,34.3,27.96,63.87,85.23,72.79,145,February 2020,31455,68545,23.021624,72.579707
Poland,Wroclaw,24.67,40.83,24.17,25.53,24.84,31.71,28.29,29.5,33.33,27.86,45.02,17.82,43.04,86.17,61.17,150,March 2020,29330,70670,51.108978,17.032669
Canada,Regina,67.85,61.32,57.25,52.37,51.97,66.12,51.97,47.88,34.75,69.58,71.36,57.93,31.47,63.09,30.94,65,February 2020,56676,43324,50.44876,-104.61731
United States,San Antonio| TX,56.17,68.15,46.95,35.37,44.51,58.84,37.65,37.5,25.65,53.57,56.48,50.91,40.88,76.51,48.17,84,February 2020,47076,52924,31.816038,-99.512099
Russia,Saint Petersburg,38.5,43.27,27.27,34.92,41.64,43.86,36.99,35.81,26.53,43.56,46.4,28.91,74.49,81.35,52.68,299,March 2020,39125,60875,59.938732,30.316229
Netherlands,Rotterdam,40.37,43.35,34.24,29.23,26.56,36.61,33.26,37.5,26.39,45,48.85,34.5,23.03,79.14,56.25,95,March 2020,35544,64456,51.927798,4.488623
India,Pune,38.12,59.6,37.56,37.56,32.59,36.29,37.5,39.9,26.96,34.74,41.77,35.67,69.2,78.55,56.25,209,March 2020,39347,60653,18.520306,73.854319
Brazil,Sao Paulo,83.7,73.38,55.44,79.27,72.3,74.16,57.39,43.99,26.51,74.43,77.83,84.87,91.49,46.79,15.44,546,March 2020,70584,29416,-29.275632,-51.736618
Mexico,Puerto Vallarta,34.18,59.22,35.19,31.49,27.21,36.03,24.03,17.68,10.31,35.1,42.23,33.41,61.34,88.57,63.57,105,February 2020,33155,66845,20.698208,-105.181524
Sweden,Lund,32.37,55.38,35.76,33.86,26.28,33.88,32.47,32,30.41,34.72,43.59,33.33,28.72,72.78,62.34,79,February 2020,34258,65742,55.70293,13.192945
United Kingdom,Belfast,45.49,43.09,38.2,29.05,36,40,38.62,40.8,40.23,53.12,50.43,37.93,29.89,83.04,52.33,92,March 2020,39909,60091,54.596987,-5.930099
Ukraine,Kharkiv,50.38,70.34,44.13,42.91,40.1,52.51,44.96,39.34,22.79,54.23,54.43,43.56,83.15,76.94,47.23,144,February 2020,48201,51799,49.991425,36.272266
Sweden,Stockholm,48.68,68.57,40.61,42.66,35.42,43.57,43.59,40.7,37.17,48.63,51.6,46.8,30.1,70.38,48.71,507,March 2020,44492,55508,59.325117,18.071094
Brazil,Salvador,89.38,85.42,52.08,86.81,75.35,75,63.38,51.87,30.6,78.62,79.45,90.49,90.58,29.86,9.93,73,February 2020,75765,24235,-12.98225,-38.481277
Mexico,Puebla,70,85.42,64.58,76.04,61.17,71.88,61.98,51.74,39.53,59.3,75,72.28,79.65,57.29,30.73,48,February 2020,65915,34085,18.833333,-98
India,Navi Mumbai,33.61,43.24,37.06,34.65,35.38,34.54,35.1,36.01,27.38,34.82,36.92,32.85,48.21,75.27,68.24,89,February 2020,34911,65089,19.030826,73.019854
Ecuador,Quito,66.04,70.03,48.42,63.52,52.86,60.3,47.78,38.82,22.81,53.04,57.16,62.89,78.73,61.53,25.91,122,March 2020,56885,43115,-0.220164,-78.512327
United Kingdom,Cambridge,19.48,51.25,22.99,19.05,15.51,21.76,15.72,25,11.63,36.63,32.38,14.37,11.05,89.29,72.44,46,February 2020,22003,77997,52.203482,0.123582
India,Visakhapatnam,37,59.54,42.15,40.31,28.64,32.71,35.63,32.32,23.17,30.95,43.09,31.83,64.29,74.22,57.37,48,February 2020,37885,62115,17.723128,83.301284
Canada,Oshawa,51.8,65.93,39.3,44.07,35.18,54.62,45.28,43.6,19.19,74.39,56.84,49.07,35.47,67.02,36.04,46,February 2020,47958,52042,43.91768,-78.862953
Canada,Kelowna,56.7,74.05,50.6,34.99,41.97,59.37,37.8,46.28,24.34,76.3,66.24,45.05,31.33,79,37.96,82,February 2020,49498,50502,49.889326,-119.498291
United Kingdom,Cardiff,38.06,56.27,34.51,33.61,26.44,38.08,35.84,40.18,16.36,50,46.25,32.45,27.23,81.16,50.13,59,February 2020,36477,63523,51.481655,-3.179193
Australia,Cairns,57.03,74.78,51.67,50.9,48.66,50.53,56.5,60.66,45.16,59.02,63.96,48.29,53.63,52.39,31.22,69,February 2020,55955,44045,-16.920496,145.771901
Norway,Trondheim,17.09,54.79,18.89,15.37,13.95,20.76,19.79,16.1,14.04,33.45,25.63,14.59,15.53,87.8,74.02,78,February 2020,20726,79274,63.430566,10.395193
France,Marseille,63.06,58.2,53.77,56.98,52.74,59.43,54.73,58.95,34.69,68.24,65.53,59.52,62.11,55.63,33.98,173,March 2020,57909,42091,43.296174,5.369953
Turkey,Ankara,39.7,64.5,40.45,36.76,27.46,43.57,38.47,38.56,25.4,32.41,41.06,32.4,64.92,77.2,49.45,202,February 2020,39906,60094,39.921522,32.853793
South Africa,Pietermaritzburg,86.67,84.25,83.67,84.25,80.67,81.6,81.42,70.49,75,79.58,83.45,86.67,86.97,29.33,11.67,75,February 2020,82178,17822,-29.6,30.378889
United States,Honolulu| HI,48.51,69.78,40.67,39.18,38.06,53.73,40.91,40.42,24.59,59.43,59.09,44.32,50,81.06,52.99,67,February 2020,45392,54608,21.591053,-158.100583
India,Kolkata,52.91,64.96,45.11,45.68,43.17,46.3,41.49,46.7,24.37,36.39,52.9,46.28,80.13,75.76,47.34,170,February 2020,47595,52405,22.567746,88.347602
France,Montpellier,53.02,78.5,49.7,52.47,46.36,54.69,52.47,62.79,34.88,69.19,62.2,38.32,35.8,69.26,40.8,46,February 2020,52139,47861,43.611242,3.876734
Italy,Florence,36.32,65.79,42.81,40.23,29.58,45.15,33.13,30.83,23.31,49.58,47.61,30.81,50,80.71,52.49,62,March 2020,39094,60906,43.769871,11.255576
United Kingdom,Edinburgh,30.38,50,29.2,25,21.7,28.17,29.2,35.78,18.46,48.54,43.6,29.35,25,84.63,63.67,162,February 2020,30991,69009,55.949563,-3.191497
United States,Minneapolis| MN,58.77,65.99,47.99,47.39,39.51,55.09,44.96,44.95,35.65,55.28,57.08,52.65,41.28,70.87,40.18,115,February 2020,50181,49819,44.947581,-93.299245
Australia,Sydney,36.19,50.31,29.77,28.74,23.53,31,32.98,35.72,25.88,44.34,40.85,33.16,31.06,79.55,55.15,558,March 2020,34189,65811,-33.854816,151.216454
Canada,Victoria,36.1,63.66,28.12,20.89,20.5,41.4,22.83,34.17,11.88,63.12,46.45,26.37,21.01,85.62,59.56,128,February 2020,33148,66852,48.428318,-123.364953
Pakistan,Karachi,63.07,37.47,46.07,63.2,53.14,54.55,44.85,38.44,30.6,51.88,59.03,64.45,80.6,54.62,32.19,483,March 2020,54511,45489,24.86678,67.031129
United States,Brooklyn| NY,40.91,44.57,34.66,37.22,32.22,37.78,33.89,36.88,21.95,45.12,43.89,41.67,41.46,83.7,60.87,46,February 2020,37028,62972,40.639107,-73.938554
Brazil,Porto Alegre,90.13,89.03,58,87,83.24,79.93,66.49,42.23,20.21,76.68,82,91.94,88.71,33.36,8.9,278,March 2020,76094,23906,-30.0325,-51.230377
New Zealand,Wellington,27.68,51.18,27.63,17.63,22.78,35.66,25.22,29.29,20.96,42.82,36.07,27.34,17.35,85.12,58.24,106,February 2020,29036,70964,-41.288764,174.777224
Canada,Guelph,21.98,57.98,31.02,24.12,24.64,36.34,27.25,33.15,14.13,58.15,42.87,25.17,23.91,85.58,65.27,48,February 2020,30225,69775,43.546557,-80.249977
Malaysia,Kuala Lumpur,70.46,73.55,65.92,70.92,63.23,68.91,60.91,50.83,46.3,59.5,69.65,67.52,82.6,51.06,25.62,687,February 2020,65561,34439,3.154687,101.713636
United States,Milwaukee| WI,78.72,81.42,61.33,63,59.12,67.23,61.33,55.15,52.46,78.87,74.32,70.89,49.3,61,24.67,75,February 2020,66171,33829,42.946704,-87.910885
Canada,Waterloo,26.66,56.4,27.98,26.59,19.38,31.88,23.23,25.5,14.5,34.31,32.7,27.04,19,86,65.72,54,March 2020,27457,72543,43.466874,-80.524635
United Kingdom,Bristol,42.62,57.38,34.39,33.18,27.94,36.81,31.97,40,25.42,64.17,46.73,34.8,27.16,81.97,50.92,62,March 2020,38525,61475,51.453802,-2.597298
Israel,Tel Aviv-Yafo,22.72,52.57,27.96,16.73,22.36,27.99,20.45,27.2,18.21,25.41,31.23,18.37,45.36,87.48,75.37,194,February 2020,25832,74168,32.080481,34.780527
Ecuador,Cuenca,40.83,46.46,40.72,44,29.47,42.7,33.76,24.11,13.84,41.04,53.43,37.45,55,82.94,50.15,61,March 2020,38316,61684,-2.866691,-79.193334
United States,Denver| CO,46.11,67.05,37.69,32.09,35.08,46.51,32.56,36.79,25.21,57.72,50.2,41.67,34.58,79.49,51.15,130,March 2020,41461,58539,39.734838,-104.965327
Brazil,Florianopolis,65.13,82.89,49.03,58.77,55.59,64.67,45.72,34.38,18.75,59.15,60.86,61.36,72.18,67.21,35.06,77,February 2020,56263,43737,-27.5973,-48.54961
United States,Washington| DC,67.98,61.63,52.93,56.89,49.6,62.1,55.65,55.93,42.44,61.46,60.8,59.92,55.12,66.28,39.84,135,March 2020,57194,42806,38.894955,-77.036646
Spain,Barcelona,48.16,71.16,42.86,51.02,28.99,44.93,38.11,36.6,25,53.69,56.85,36.73,53.63,75.06,51.44,364,February 2020,44562,55438,41.382894,2.177432
United States,Raleigh| NC,37.72,62.5,33.9,27.54,27.97,41.53,26.69,30.66,18.75,37.96,36.44,36.02,30.66,80.93,64.83,59,February 2020,34001,65999,35.81196,-78.712991
Germany,Nuremberg,31.05,62.75,31.39,28.2,21.74,26.56,35.07,37.96,29.02,46.43,41.91,26.97,24.52,80.85,62.73,63,February 2020,33064,66936,49.453872,11.077298
Canada,Kitchener,43.33,72.02,32.73,29.78,24.68,45.43,32.23,35.29,15.87,61.54,49.68,33.02,29.33,79.53,52.37,57,February 2020,38805,61195,43.453168,-80.494423
United States,Baltimore| MD,86.58,76.32,65.16,73.96,65.62,77.32,72.42,67.93,58.87,86.26,78.91,82.55,70.05,46.13,18.3,97,March 2020,74746,25254,39.255674,-76.61718
Canada,Saskatoon,59.46,70.21,42.74,40.21,34.92,59.18,42.74,42.69,28.12,60.23,63.03,55.43,32.69,73.18,37.67,69,March 2020,49395,50605,52.131802,-106.660767
United States,Omaha| NE,57.29,69.79,46.35,39.89,38.59,48.94,40.1,30.36,30.11,58.33,54.17,51.04,32.56,85.11,45.21,48,February 2020,45987,54013,41.258732,-95.937873
Netherlands,Groningen,18.28,57.26,23.63,15.29,8,15.42,19.88,14.13,14.13,44.44,30.92,15.09,11.96,90.29,75.71,48,February 2020,21117,78883,53.221793,6.558245
United States,Oakland| CA,75.68,59.12,65.67,68.67,59.67,74.33,57.88,59.03,41.2,76.76,77.36,71,47.18,56.67,23,75,February 2020,65014,34986,37.770446,-122.219656
Italy,Milan,44.71,61.14,43.32,41.51,36.49,48.4,35.43,29.87,22.17,50.76,54.05,33.14,67.9,79.53,48.43,276,March 2020,42962,57038,45.466797,9.190498
Canada,Burlington,16.29,50.7,25.18,18.51,24.63,34.49,17.79,19.32,20.35,31.4,29.07,21.84,18.02,86.34,78.36,47,February 2020,23263,76737,43.324892,-79.796683
Philippines,Makati,43.58,36.51,45.96,54.01,35.92,37.9,39.73,38.53,16.47,51.74,45.68,39.29,61.34,77.62,59.01,92,February 2020,41011,58989,14.554595,121.021408
United States,Detroit| MI,80.57,69.64,73.21,70.56,72.62,73.95,68.86,68.04,62.9,79.78,80,77.88,74.03,41.22,23.96,173,February 2020,73412,26588,42.348664,-83.056737
Australia,Darwin,61.41,71,56.89,38.24,50.73,54.7,53.4,62.34,41.46,58.33,67.09,53.1,42.09,61.89,29.83,85,February 2020,55405,44595,-12.46044,130.841047
United Kingdom,Birmingham,64.12,68.11,50.74,56.98,48.65,52.25,58.31,59.13,46.83,70.83,62.38,59.02,40.29,58.81,32.87,133,February 2020,57306,42694,52.47754,-1.894053
Russia,Moscow,39.68,43.82,30.23,34.55,35.96,42.42,40.1,40.38,32.16,39.93,46.52,33.36,75.95,79.76,51.62,776,March 2020,40179,59821,55.750718,37.617661
United States,Pittsburgh| PA,43.42,55.7,33.93,35,25.45,40.35,35.96,34.62,21.63,50.49,45.45,39.73,32.14,78.57,57.02,57,February 2020,37948,62052,40.43587,-79.959646
Canada,Surrey,71.2,69.96,54.77,54.77,55.49,65.84,55.25,57.47,40.56,80.81,67.63,59.38,48.2,58.41,29.77,103,February 2020,60915,39085,49.185294,-122.846375
United States,Las Vegas| NV,65.7,69.63,54.83,49.79,46.82,56.68,47.67,47.12,32.59,69.35,66.88,62.5,52.88,66.74,39.17,124,March 2020,55761,44239,36.145217,-115.228001
Philippines,Iloilo,44.34,42.49,49.44,47.03,42.86,44.07,44.74,39.86,33.41,52.08,50.1,48.14,48.62,66.04,56.99,116,February 2020,44284,55716,10.95346,122.575633
India,Surat,36.32,48.06,39.79,36.02,27.91,33.32,30.58,33.8,22.57,30.82,41.54,33.64,53.52,77.2,66.44,79,February 2020,35111,64889,21.186461,72.808128
United Kingdom,Sheffield,44.01,61.46,42.12,40.7,32.35,36.42,38.35,42.16,29.9,46.08,48.25,36.93,25.49,74.67,48.72,53,March 2020,40521,59479,53.380663,-1.470228
Croatia,Zagreb,15.74,43.61,19.59,13.93,15.26,21.13,15.92,17.98,16.76,24.3,27.58,18.11,68.19,93.33,79.99,375,March 2020,22133,77867,45.813177,15.977048
India,Lucknow (Lakhnau),55.2,63.18,51.51,54.42,47.71,54.23,48.25,48.26,39.88,47.09,62.38,53.77,76.11,61.59,41.73,50,February 2020,53475,46525,26.8381,80.9346
Poland,Poznan,24.66,40.86,20.73,22.2,28.23,29.73,25.39,26.92,31.72,25,39.1,17.27,43.66,86.8,66.8,71,February 2020,27717,72283,52.408266,16.93352
India,Delhi,67.6,66.56,53.77,56.55,56.04,58.01,56.16,52.88,37.79,46.75,58.35,56.09,82,58.82,28.57,512,March 2020,58609,41391,28.651718,77.221939
China,Shanghai,31.19,52.01,34.41,33.78,32.73,35.98,30.96,36.82,31.96,34.73,41.14,31.37,61.11,72.61,62.91,254,March 2020,36179,63821,31.225344,121.488892
United States,Kansas City| MO,72.58,76.95,56.15,52.87,45.56,67.86,55.65,48.33,42.37,65.83,70.34,66.53,51.72,70.97,30.95,64,February 2020,59764,40236,39.244338,-94.488021
United States,Saint Louis| MO,82.99,79.29,56.5,69.5,61.75,73.74,66.25,61.2,54.69,81.91,78.35,79,58.68,54.21,20.79,101,February 2020,70284,29716,38.570062,-90.285151
Canada,Mississauga,44.41,72.9,41.12,38.84,35.67,40.62,38.77,38.54,25.73,53.78,47.28,43.61,35.29,74.27,50.18,221,March 2020,42408,57592,43.590338,-79.645729
Australia,Perth,46.31,65.43,45.21,35.49,31.78,43.37,41.65,43.09,25,55.5,53.07,40,31.38,75.95,41.79,366,February 2020,43068,56932,-31.952712,115.86048
Canada,Ottawa,24.09,57.66,22.28,19,15.73,29.28,21.11,24.78,12.67,41.15,34.25,25.28,22.53,88.88,68.92,238,March 2020,25894,74106,45.421106,-75.690308
India,Noida,71.5,66.6,56.63,63.4,60.9,61.94,59.39,53.77,30.45,45.91,65.75,65.33,78.12,52.12,27.08,63,February 2020,61382,38618,28.572644,77.354761
Australia,Townsville,61.82,71.98,55.08,44.27,53.61,53.73,43.72,49.29,35.74,62.95,61.5,47.99,28.85,62.18,35.75,149,March 2020,52720,47280,-19.256939,146.823954
Australia,Newcastle,40.81,49.37,32.87,30.37,23.33,34.56,37.62,41.28,22.67,64.67,51.48,38.69,37.79,71.44,45.46,51,February 2020,39425,60575,-32.927288,151.781253
United States,Tucson| AZ,60.71,63.89,52.73,40.08,46.48,54.37,41.02,37.5,31.03,61.21,63.52,51.19,52.16,73.02,45.31,64,February 2020,50528,49472,32.541082,-111.120364
Switzerland,Geneva,28.53,59.32,35.5,23.07,17.59,29.41,24.08,20.92,17.78,45.71,39.53,20.82,27.37,87.44,66.9,103,February 2020,28962,71038,46.201756,6.146601
United States,San Francisco| CA,59.76,65.98,46.95,48.56,47.68,69.61,48.08,59.72,28.16,71.11,69.23,50.48,37.24,71.15,42.39,208,February 2020,53444,46556,37.830285,-122.479795
Romania,Timisoara,16.98,36.86,23.51,19.47,16.6,33.36,18.53,23.48,12.2,24.09,28.91,13,63.25,86.86,73.23,88,February 2020,23771,76229,45.758888,21.221485
United Kingdom,Newcastle upon Tyne,43,58.15,37.97,31.72,31.07,39.62,36.18,40.41,23.63,51.35,50.78,37,22.64,80.91,51.42,79,February 2020,38658,61342,54.977092,-1.614206
United States,Jacksonville| FL,71.19,72.5,54.66,50.83,43.33,57.63,48.73,45.18,32.89,71.05,61.44,61.67,49.11,65.57,24.17,61,February 2020,57226,42774,30.321389,-81.663718
Netherlands,Eindhoven,22.71,55.32,36.38,17.44,18.86,26.91,19.34,25.4,15.73,31.35,36.38,19.34,13.31,85.25,65.17,66,February 2020,25498,74502,51.448557,5.450123
Turkey,Eskisehir,16.27,38.93,20.1,20.02,16.39,17.32,20.18,16.53,9.48,22.81,18.62,15.88,18.22,88.93,79.16,64,February 2020,18541,81459,39.768856,30.521647
India,Hyderabad,42.79,51.67,43.41,41.5,37.87,42.62,38.81,39.96,32.85,42.32,48.74,40.62,72.5,72.54,53.8,273,February 2020,43229,56771,17.388607,78.46081
